﻿<?xml version="1.0" encoding="utf-8"?>
<abapGit version="v1.0.0" serializer="LCL_OBJECT_DTEL" serializer_version="v1.0.0">
 <asx:abap xmlns:asx="http://www.sap.com/abapxml" version="1.0">
  <asx:values>
   <DD04V>
    <ROLLNAME>ZDE_CS81_TRIGGER_SIGN</ROLLNAME>
    <DDLANGUAGE>E</DDLANGUAGE>
    <DOMNAME>ZDO_CS81_TRIGGER_SIGN</DOMNAME>
    <HEADLEN>55</HEADLEN>
    <SCRLEN1>10</SCRLEN1>
    <SCRLEN2>20</SCRLEN2>
    <SCRLEN3>40</SCRLEN3>
    <DDTEXT>AIN: Equipment trigger sign</DDTEXT>
    <REPTEXT>Sign</REPTEXT>
    <SCRTEXT_S>Trigger</SCRTEXT_S>
    <SCRTEXT_M>Trigger sign</SCRTEXT_M>
    <SCRTEXT_L>Trigger sign</SCRTEXT_L>
    <DTELMASTER>E</DTELMASTER>
    <REFKIND>D</REFKIND>
   </DD04V>
   <I18N_LANGS>
    <LANGU>D</LANGU>
   </I18N_LANGS>
   <DD04_TEXTS>
    <item>
     <DDLANGUAGE>D</DDLANGUAGE>
     <DDTEXT>AIN: Equipment Triggermerkmal</DDTEXT>
     <REPTEXT>Merkmal</REPTEXT>
     <SCRTEXT_S>Trigger</SCRTEXT_S>
     <SCRTEXT_M>Trigger Merkmal</SCRTEXT_M>
     <SCRTEXT_L>Trigger Merkmal</SCRTEXT_L>
    </item>
   </DD04_TEXTS>
  </asx:values>
 </asx:abap>
</abapGit>
