﻿<?xml version="1.0" encoding="utf-8"?>
<abapGit version="v1.0.0" serializer="LCL_OBJECT_DTEL" serializer_version="v1.0.0">
 <asx:abap xmlns:asx="http://www.sap.com/abapxml" version="1.0">
  <asx:values>
   <DD04V>
    <ROLLNAME>ZDE_CS81_TRIGGER_STATUS</ROLLNAME>
    <DDLANGUAGE>E</DDLANGUAGE>
    <DOMNAME>ZDO_CS81_TRIGGER_STATUS</DOMNAME>
    <HEADLEN>06</HEADLEN>
    <SCRLEN1>06</SCRLEN1>
    <SCRLEN2>06</SCRLEN2>
    <SCRLEN3>06</SCRLEN3>
    <DDTEXT>AIN: Equipment trigger status</DDTEXT>
    <REPTEXT>Status</REPTEXT>
    <SCRTEXT_S>Status</SCRTEXT_S>
    <SCRTEXT_M>Status</SCRTEXT_M>
    <SCRTEXT_L>Status</SCRTEXT_L>
    <DTELMASTER>E</DTELMASTER>
    <REFKIND>D</REFKIND>
   </DD04V>
   <I18N_LANGS>
    <LANGU>D</LANGU>
   </I18N_LANGS>
   <DD04_TEXTS>
    <item>
     <DDLANGUAGE>D</DDLANGUAGE>
     <DDTEXT>AIN: Equipment Trigger Status</DDTEXT>
     <REPTEXT>Status</REPTEXT>
     <SCRTEXT_S>Status</SCRTEXT_S>
     <SCRTEXT_M>Status</SCRTEXT_M>
     <SCRTEXT_L>Status</SCRTEXT_L>
    </item>
   </DD04_TEXTS>
  </asx:values>
 </asx:abap>
</abapGit>
