﻿<?xml version="1.0" encoding="utf-8"?>
<abapGit version="v1.0.0" serializer="LCL_OBJECT_SXCI" serializer_version="v1.0.0">
 <asx:abap xmlns:asx="http://www.sap.com/abapxml" version="1.0">
  <asx:values>
   <SXCI>
    <IMPLEMENTATION_DATA>
     <IMP_NAME>ZIM_CS81_EQUI</IMP_NAME>
     <TEXT>Equipment post processing for AIN link</TEXT>
     <IMP_CLASS>ZCL_CS81_BADI_IM_EQUI</IMP_CLASS>
     <EXIT_NAME>EQUI_UPDATE</EXIT_NAME>
     <INTER_NAME>IF_EX_EQUI_UPDATE</INTER_NAME>
    </IMPLEMENTATION_DATA>
   </SXCI>
  </asx:values>
 </asx:abap>
</abapGit>
