﻿<?xml version="1.0" encoding="utf-8"?>
<abapGit version="v1.0.0" serializer="LCL_OBJECT_PROG" serializer_version="v1.0.0">
 <asx:abap xmlns:asx="http://www.sap.com/abapxml" version="1.0">
  <asx:values>
   <PROGDIR>
    <NAME>ZP_CS81_EQUI_LINK_AND_MAP</NAME>
    <SUBC>1</SUBC>
    <APPL>I</APPL>
    <RSTAT>K</RSTAT>
    <RLOAD>E</RLOAD>
    <FIXPT>X</FIXPT>
    <UCCHECK>X</UCCHECK>
   </PROGDIR>
   <TPOOL>
    <item>
     <ID>R</ID>
     <ENTRY>Background program: link equipments to AIN model</ENTRY>
     <LENGTH>48</LENGTH>
    </item>
    <item>
     <ID>S</ID>
     <KEY>CLASSIFY</KEY>
     <ENTRY>Classify equipments</ENTRY>
     <LENGTH>27</LENGTH>
    </item>
    <item>
     <ID>S</ID>
     <KEY>CREATE</KEY>
     <ENTRY>Create equipment in AIN</ENTRY>
     <LENGTH>31</LENGTH>
    </item>
    <item>
     <ID>S</ID>
     <KEY>EQUNRS</KEY>
     <ENTRY>.</ENTRY>
     <LENGTH>17</LENGTH>
     <SPLIT>D</SPLIT>
    </item>
    <item>
     <ID>S</ID>
     <KEY>ERRORS</KEY>
     <ENTRY>Queue errors</ENTRY>
     <LENGTH>20</LENGTH>
    </item>
    <item>
     <ID>S</ID>
     <KEY>LINK</KEY>
     <ENTRY>Link model from material</ENTRY>
     <LENGTH>32</LENGTH>
    </item>
    <item>
     <ID>S</ID>
     <KEY>MANUAL</KEY>
     <ENTRY>Manual operation (test only)</ENTRY>
     <LENGTH>36</LENGTH>
    </item>
    <item>
     <ID>S</ID>
     <KEY>QUEUE</KEY>
     <ENTRY>From queue</ENTRY>
     <LENGTH>18</LENGTH>
    </item>
    <item>
     <ID>S</ID>
     <KEY>SYNC</KEY>
     <ENTRY>Synchronize existing eq.</ENTRY>
     <LENGTH>32</LENGTH>
    </item>
   </TPOOL>
   <I18N_TPOOL>
    <item>
     <LANGUAGE>D</LANGUAGE>
     <TEXTPOOL>
      <item>
       <ID>R</ID>
       <ENTRY>Hintergrundprogramm: Equipments mit AIN Model verknüpfen</ENTRY>
       <LENGTH>70</LENGTH>
      </item>
      <item>
       <ID>S</ID>
       <KEY>CLASSIFY</KEY>
       <ENTRY>Klassifizierung anpassen</ENTRY>
       <LENGTH>38</LENGTH>
      </item>
      <item>
       <ID>S</ID>
       <KEY>CREATE</KEY>
       <ENTRY>Equipments in AIN anlegen</ENTRY>
       <LENGTH>38</LENGTH>
      </item>
      <item>
       <ID>S</ID>
       <KEY>ERRORS</KEY>
       <ENTRY>Queue Fehlerbearbeitung</ENTRY>
       <LENGTH>38</LENGTH>
      </item>
      <item>
       <ID>S</ID>
       <KEY>LINK</KEY>
       <ENTRY>AIN-Modell aus Material verkn.</ENTRY>
       <LENGTH>38</LENGTH>
      </item>
      <item>
       <ID>S</ID>
       <KEY>MANUAL</KEY>
       <ENTRY>Manueller Betrieb (für Test)</ENTRY>
       <LENGTH>38</LENGTH>
      </item>
      <item>
       <ID>S</ID>
       <KEY>QUEUE</KEY>
       <ENTRY>Queue verarbeiten</ENTRY>
       <LENGTH>38</LENGTH>
      </item>
      <item>
       <ID>S</ID>
       <KEY>SYNC</KEY>
       <ENTRY>Vorhandene EQ synchronisieren</ENTRY>
       <LENGTH>38</LENGTH>
      </item>
      <item>
       <ID>S</ID>
       <KEY>EQUNRS</KEY>
       <ENTRY>.</ENTRY>
       <LENGTH>17</LENGTH>
       <SPLIT>D</SPLIT>
      </item>
     </TEXTPOOL>
    </item>
   </I18N_TPOOL>
  </asx:values>
 </asx:abap>
</abapGit>
