﻿<?xml version="1.0" encoding="utf-8"?>
<abapGit version="v1.0.0" serializer="LCL_OBJECT_TABL" serializer_version="v1.0.0">
 <asx:abap xmlns:asx="http://www.sap.com/abapxml" version="1.0">
  <asx:values>
   <DD02V>
    <TABNAME>ZST_CS81_CI_AIN_TEMPLATES</TABNAME>
    <DDLANGUAGE>E</DDLANGUAGE>
    <TABCLASS>APPEND</TABCLASS>
    <SQLTAB>AIN_TEMPLATES</SQLTAB>
    <DDTEXT>Append to AIN_TEMPLATES</DDTEXT>
    <EXCLASS>1</EXCLASS>
   </DD02V>
   <DD03P_TABLE>
    <DD03P>
     <TABNAME>ZST_CS81_CI_AIN_TEMPLATES</TABNAME>
     <FIELDNAME>ZZ_CLASS_NAME</FIELDNAME>
     <POSITION>0001</POSITION>
     <ROLLNAME>KLASSE_D</ROLLNAME>
     <ADMINFIELD>0</ADMINFIELD>
     <COMPTYPE>E</COMPTYPE>
    </DD03P>
   </DD03P_TABLE>
  </asx:values>
 </asx:abap>
</abapGit>
