﻿<?xml version="1.0" encoding="utf-8"?>
<abapGit version="v1.0.0" serializer="LCL_OBJECT_TOBJ" serializer_version="v1.0.0">
 <asx:abap xmlns:asx="http://www.sap.com/abapxml" version="1.0">
  <asx:values>
   <OBJH>
    <OBJECTNAME>ZVC_CS81_EQUI_CONFIG2</OBJECTNAME>
    <OBJECTTYPE>C</OBJECTTYPE>
    <CLIDEP>X</CLIDEP>
    <OBJCATEG>APPL</OBJCATEG>
    <IMPORTABLE>3</IMPORTABLE>
   </OBJH>
   <OBJT>
    <LANGUAGE>E</LANGUAGE>
    <OBJECTNAME>ZVC_CS81_EQUI_CONFIG2</OBJECTNAME>
    <OBJECTTYPE>C</OBJECTTYPE>
    <DDTEXT>Cluster for Template Maintenance</DDTEXT>
   </OBJT>
   <OBJS>
    <OBJS>
     <OBJECTNAME>ZVC_CS81_EQUI_CONFIG2</OBJECTNAME>
     <OBJECTTYPE>C</OBJECTTYPE>
     <TABNAME>AIN_V_EETMPL_MAP</TABNAME>
     <DDIC>X</DDIC>
    </OBJS>
    <OBJS>
     <OBJECTNAME>ZVC_CS81_EQUI_CONFIG2</OBJECTNAME>
     <OBJECTTYPE>C</OBJECTTYPE>
     <TABNAME>AIN_V_EMTMPL_MAP</TABNAME>
     <DDIC>X</DDIC>
    </OBJS>
    <OBJS>
     <OBJECTNAME>ZVC_CS81_EQUI_CONFIG2</OBJECTNAME>
     <OBJECTTYPE>C</OBJECTTYPE>
     <TABNAME>AIN_V_FETMPL_MAP</TABNAME>
     <DDIC>X</DDIC>
    </OBJS>
    <OBJS>
     <OBJECTNAME>ZVC_CS81_EQUI_CONFIG2</OBJECTNAME>
     <OBJECTTYPE>C</OBJECTTYPE>
     <TABNAME>AIN_V_FMTMPL_MAP</TABNAME>
     <DDIC>X</DDIC>
    </OBJS>
    <OBJS>
     <OBJECTNAME>ZVC_CS81_EQUI_CONFIG2</OBJECTNAME>
     <OBJECTTYPE>C</OBJECTTYPE>
     <TABNAME>AIN_V_MD_EQ_TMPL</TABNAME>
     <DDIC>X</DDIC>
    </OBJS>
    <OBJS>
     <OBJECTNAME>ZVC_CS81_EQUI_CONFIG2</OBJECTNAME>
     <OBJECTTYPE>C</OBJECTTYPE>
     <TABNAME>AIN_V_MD_TMPL</TABNAME>
     <DDIC>X</DDIC>
    </OBJS>
    <OBJS>
     <OBJECTNAME>ZVC_CS81_EQUI_CONFIG2</OBJECTNAME>
     <OBJECTTYPE>C</OBJECTTYPE>
     <TABNAME>ZDB_CS81_002</TABNAME>
     <DDIC>X</DDIC>
    </OBJS>
    <OBJS>
     <OBJECTNAME>ZVC_CS81_EQUI_CONFIG2</OBJECTNAME>
     <OBJECTTYPE>C</OBJECTTYPE>
     <TABNAME>ZVI_CS81_C01</TABNAME>
     <DDIC>X</DDIC>
    </OBJS>
   </OBJS>
  </asx:values>
 </asx:abap>
</abapGit>
