﻿<?xml version="1.0" encoding="utf-8"?>
<abapGit version="v1.0.0" serializer="LCL_OBJECT_VCLS" serializer_version="v1.0.0">
 <asx:abap xmlns:asx="http://www.sap.com/abapxml" version="1.0">
  <asx:values>
   <VCLDIR>
    <VCLNAME>ZVC_CS81_EQUI_CONFIG</VCLNAME>
    <HIEROPSOFF>A</HIEROPSOFF>
    <TEXT>Cluster for Template Maintenance</TEXT>
   </VCLDIR>
   <VLCSTRUC_TAB>
    <V_VCLSTRUC>
     <VCLNAME>ZVC_CS81_EQUI_CONFIG</VCLNAME>
     <OBJECT>AIN_V_MD_TMPL</OBJECT>
     <OBJECTTEXT>Model Templates</OBJECTTEXT>
     <PREDOBJECT>AIN_V_MD_TMPL</PREDOBJECT>
     <DEPENDENCY>R</DEPENDENCY>
     <OBJPOS>01</OBJPOS>
     <OBJLEVEL>01</OBJLEVEL>
     <STARTOBJ>X</STARTOBJ>
    </V_VCLSTRUC>
    <V_VCLSTRUC>
     <VCLNAME>ZVC_CS81_EQUI_CONFIG</VCLNAME>
     <OBJECT>AIN_V_EMTMPL_MAP</OBJECT>
     <OBJECTTEXT>Equipment Characteristics Mapping</OBJECTTEXT>
     <PREDOBJECT>AIN_V_MD_TMPL</PREDOBJECT>
     <DEPENDENCY>M</DEPENDENCY>
     <OBJPOS>02</OBJPOS>
     <OBJLEVEL>02</OBJLEVEL>
     <CARDINAL>X</CARDINAL>
    </V_VCLSTRUC>
    <V_VCLSTRUC>
     <VCLNAME>ZVC_CS81_EQUI_CONFIG</VCLNAME>
     <OBJECT>AIN_V_FMTMPL_MAP</OBJECT>
     <OBJECTTEXT>Functional Location Characteristics Mapping</OBJECTTEXT>
     <PREDOBJECT>AIN_V_MD_TMPL</PREDOBJECT>
     <DEPENDENCY>M</DEPENDENCY>
     <OBJPOS>03</OBJPOS>
     <OBJLEVEL>02</OBJLEVEL>
     <CARDINAL>X</CARDINAL>
    </V_VCLSTRUC>
    <V_VCLSTRUC>
     <VCLNAME>ZVC_CS81_EQUI_CONFIG</VCLNAME>
     <OBJECT>AIN_V_MD_EQ_TMPL</OBJECT>
     <OBJECTTEXT>Default Equipment Templates</OBJECTTEXT>
     <PREDOBJECT>AIN_V_MD_TMPL</PREDOBJECT>
     <DEPENDENCY>M</DEPENDENCY>
     <OBJPOS>04</OBJPOS>
     <OBJLEVEL>02</OBJLEVEL>
     <CARDINAL>X</CARDINAL>
    </V_VCLSTRUC>
    <V_VCLSTRUC>
     <VCLNAME>ZVC_CS81_EQUI_CONFIG</VCLNAME>
     <OBJECT>AIN_V_EQ_TMPL</OBJECT>
     <OBJECTTEXT>Equipment Templates</OBJECTTEXT>
     <PREDOBJECT>AIN_V_EQ_TMPL</PREDOBJECT>
     <DEPENDENCY>R</DEPENDENCY>
     <OBJPOS>05</OBJPOS>
     <OBJLEVEL>01</OBJLEVEL>
    </V_VCLSTRUC>
    <V_VCLSTRUC>
     <VCLNAME>ZVC_CS81_EQUI_CONFIG</VCLNAME>
     <OBJECT>AIN_V_EETMPL_MAP</OBJECT>
     <OBJECTTEXT>Equipment Characteristics Mapping</OBJECTTEXT>
     <PREDOBJECT>AIN_V_EQ_TMPL</PREDOBJECT>
     <DEPENDENCY>M</DEPENDENCY>
     <OBJPOS>06</OBJPOS>
     <OBJLEVEL>02</OBJLEVEL>
     <CARDINAL>X</CARDINAL>
    </V_VCLSTRUC>
    <V_VCLSTRUC>
     <VCLNAME>ZVC_CS81_EQUI_CONFIG</VCLNAME>
     <OBJECT>AIN_V_FETMPL_MAP</OBJECT>
     <OBJECTTEXT>Functional Location Characteristics Mapping</OBJECTTEXT>
     <PREDOBJECT>AIN_V_EQ_TMPL</PREDOBJECT>
     <DEPENDENCY>M</DEPENDENCY>
     <OBJPOS>07</OBJPOS>
     <OBJLEVEL>02</OBJLEVEL>
     <CARDINAL>X</CARDINAL>
    </V_VCLSTRUC>
   </VLCSTRUC_TAB>
   <VCLSTRUDEP_TAB>
    <V_VCLSTDEP>
     <VCLNAME>ZVC_CS81_EQUI_CONFIG</VCLNAME>
     <OBJECT>AIN_V_EETMPL_MAP</OBJECT>
     <OBJFIELD>TEMPLATE_ID</OBJFIELD>
     <PREDOBJECT>AIN_V_EQ_TMPL</PREDOBJECT>
     <PREDFIELD>TEMPLATE_ID</PREDFIELD>
    </V_VCLSTDEP>
    <V_VCLSTDEP>
     <VCLNAME>ZVC_CS81_EQUI_CONFIG</VCLNAME>
     <OBJECT>AIN_V_EMTMPL_MAP</OBJECT>
     <OBJFIELD>TEMPLATE_ID</OBJFIELD>
     <PREDOBJECT>AIN_V_MD_TMPL</PREDOBJECT>
     <PREDFIELD>TEMPLATE_ID</PREDFIELD>
    </V_VCLSTDEP>
    <V_VCLSTDEP>
     <VCLNAME>ZVC_CS81_EQUI_CONFIG</VCLNAME>
     <OBJECT>AIN_V_EQ_TMPL</OBJECT>
     <PREDOBJECT>AIN_V_EQ_TMPL</PREDOBJECT>
    </V_VCLSTDEP>
    <V_VCLSTDEP>
     <VCLNAME>ZVC_CS81_EQUI_CONFIG</VCLNAME>
     <OBJECT>AIN_V_FETMPL_MAP</OBJECT>
     <OBJFIELD>TEMPLATE_ID</OBJFIELD>
     <PREDOBJECT>AIN_V_EQ_TMPL</PREDOBJECT>
     <PREDFIELD>TEMPLATE_ID</PREDFIELD>
    </V_VCLSTDEP>
    <V_VCLSTDEP>
     <VCLNAME>ZVC_CS81_EQUI_CONFIG</VCLNAME>
     <OBJECT>AIN_V_FMTMPL_MAP</OBJECT>
     <OBJFIELD>TEMPLATE_ID</OBJFIELD>
     <PREDOBJECT>AIN_V_MD_TMPL</PREDOBJECT>
     <PREDFIELD>TEMPLATE_ID</PREDFIELD>
    </V_VCLSTDEP>
    <V_VCLSTDEP>
     <VCLNAME>ZVC_CS81_EQUI_CONFIG</VCLNAME>
     <OBJECT>AIN_V_MD_EQ_TMPL</OBJECT>
     <OBJFIELD>MODEL_TEMPLATE_ID</OBJFIELD>
     <PREDOBJECT>AIN_V_MD_TMPL</PREDOBJECT>
     <PREDFIELD>TEMPLATE_ID</PREDFIELD>
    </V_VCLSTDEP>
    <V_VCLSTDEP>
     <VCLNAME>ZVC_CS81_EQUI_CONFIG</VCLNAME>
     <OBJECT>AIN_V_MD_TMPL</OBJECT>
     <PREDOBJECT>AIN_V_MD_TMPL</PREDOBJECT>
    </V_VCLSTDEP>
   </VCLSTRUDEP_TAB>
  </asx:values>
 </asx:abap>
</abapGit>
