﻿<?xml version="1.0" encoding="utf-8"?>
<abapGit version="v1.0.0" serializer="LCL_OBJECT_DTEL" serializer_version="v1.0.0">
 <asx:abap xmlns:asx="http://www.sap.com/abapxml" version="1.0">
  <asx:values>
   <DD04V>
    <ROLLNAME>ZDE_CS81_ICON_SUCCESS</ROLLNAME>
    <DDLANGUAGE>E</DDLANGUAGE>
    <DOMNAME>ICON_4</DOMNAME>
    <SCRLEN1>06</SCRLEN1>
    <DDTEXT>AIN model linker: success icon</DDTEXT>
    <SCRTEXT_S>Result</SCRTEXT_S>
    <DTELMASTER>E</DTELMASTER>
    <REFKIND>D</REFKIND>
   </DD04V>
   <I18N_LANGS>
    <LANGU>D</LANGU>
   </I18N_LANGS>
   <DD04_TEXTS>
    <item>
     <DDLANGUAGE>D</DDLANGUAGE>
     <DDTEXT>AIN model linker: Ergebnis Icon</DDTEXT>
     <SCRTEXT_S>Ergebn</SCRTEXT_S>
    </item>
   </DD04_TEXTS>
  </asx:values>
 </asx:abap>
</abapGit>
