﻿<?xml version="1.0" encoding="utf-8"?>
<abapGit version="v1.0.0" serializer="LCL_OBJECT_MSAG" serializer_version="v1.0.0">
 <asx:abap xmlns:asx="http://www.sap.com/abapxml" version="1.0">
  <asx:values>
   <T100A>
    <ARBGB>ZM_CS81</ARBGB>
    <MASTERLANG>E</MASTERLANG>
    <STEXT>AIM model linker</STEXT>
   </T100A>
   <T100>
    <T100>
     <SPRSL>E</SPRSL>
     <ARBGB>ZM_CS81</ARBGB>
     <MSGNR>001</MSGNR>
     <TEXT>Select an equipment from the list</TEXT>
    </T100>
    <T100>
     <SPRSL>E</SPRSL>
     <ARBGB>ZM_CS81</ARBGB>
     <MSGNR>002</MSGNR>
     <TEXT>The selected equipment is not linked</TEXT>
    </T100>
    <T100>
     <SPRSL>E</SPRSL>
     <ARBGB>ZM_CS81</ARBGB>
     <MSGNR>003</MSGNR>
     <TEXT>Perform action &quot;&amp;&quot; on equipment &amp;</TEXT>
    </T100>
    <T100>
     <SPRSL>E</SPRSL>
     <ARBGB>ZM_CS81</ARBGB>
     <MSGNR>004</MSGNR>
     <TEXT>Result: &amp;</TEXT>
    </T100>
    <T100>
     <SPRSL>E</SPRSL>
     <ARBGB>ZM_CS81</ARBGB>
     <MSGNR>005</MSGNR>
     <TEXT>Select a model to link</TEXT>
    </T100>
    <T100>
     <SPRSL>E</SPRSL>
     <ARBGB>ZM_CS81</ARBGB>
     <MSGNR>006</MSGNR>
     <TEXT>Database insert failed</TEXT>
    </T100>
    <T100>
     <SPRSL>E</SPRSL>
     <ARBGB>ZM_CS81</ARBGB>
     <MSGNR>007</MSGNR>
     <TEXT>Database update failed</TEXT>
    </T100>
    <T100>
     <SPRSL>E</SPRSL>
     <ARBGB>ZM_CS81</ARBGB>
     <MSGNR>008</MSGNR>
     <TEXT>No equipments to process</TEXT>
    </T100>
    <T100>
     <SPRSL>E</SPRSL>
     <ARBGB>ZM_CS81</ARBGB>
     <MSGNR>009</MSGNR>
     <TEXT>Equipment is already linked to &amp;</TEXT>
    </T100>
    <T100>
     <SPRSL>E</SPRSL>
     <ARBGB>ZM_CS81</ARBGB>
     <MSGNR>010</MSGNR>
     <TEXT>No status value is mapped for equipment &amp;</TEXT>
    </T100>
    <T100>
     <SPRSL>E</SPRSL>
     <ARBGB>ZM_CS81</ARBGB>
     <MSGNR>011</MSGNR>
     <TEXT>Equipment &amp; is marked for deletion</TEXT>
    </T100>
    <T100>
     <SPRSL>E</SPRSL>
     <ARBGB>ZM_CS81</ARBGB>
     <MSGNR>012</MSGNR>
     <TEXT>Equipment is already linked to AIN - set IoT connect to &quot;on&quot;</TEXT>
    </T100>
    <T100>
     <SPRSL>E</SPRSL>
     <ARBGB>ZM_CS81</ARBGB>
     <MSGNR>022</MSGNR>
     <TEXT>Not allowed model change &amp; --&gt; &amp;</TEXT>
    </T100>
    <T100>
     <SPRSL>E</SPRSL>
     <ARBGB>ZM_CS81</ARBGB>
     <MSGNR>023</MSGNR>
     <TEXT>Wrong field to map found: &amp;</TEXT>
    </T100>
    <T100>
     <SPRSL>E</SPRSL>
     <ARBGB>ZM_CS81</ARBGB>
     <MSGNR>024</MSGNR>
     <TEXT>Wrong EAM field &amp;-&amp; found in mapping</TEXT>
    </T100>
   </T100>
  </asx:values>
 </asx:abap>
</abapGit>
