﻿<?xml version="1.0" encoding="utf-8"?>
<abapGit version="v1.0.0" serializer="LCL_OBJECT_TABL" serializer_version="v1.0.0">
 <asx:abap xmlns:asx="http://www.sap.com/abapxml" version="1.0">
  <asx:values>
   <DD02V>
    <TABNAME>ZST_CS81_EQUI_LINK_RESULT</TABNAME>
    <DDLANGUAGE>E</DDLANGUAGE>
    <TABCLASS>INTTAB</TABCLASS>
    <DDTEXT>List structure: results of the mass link</DDTEXT>
    <EXCLASS>1</EXCLASS>
   </DD02V>
   <DD03P_TABLE>
    <DD03P>
     <TABNAME>ZST_CS81_EQUI_LINK_RESULT</TABNAME>
     <FIELDNAME>NUMBER</FIELDNAME>
     <POSITION>0001</POSITION>
     <ROLLNAME>EQUNR</ROLLNAME>
     <ADMINFIELD>0</ADMINFIELD>
     <SHLPORIGIN>D</SHLPORIGIN>
     <COMPTYPE>E</COMPTYPE>
    </DD03P>
    <DD03P>
     <TABNAME>ZST_CS81_EQUI_LINK_RESULT</TABNAME>
     <FIELDNAME>MATERIAL</FIELDNAME>
     <POSITION>0002</POSITION>
     <ROLLNAME>MATNR</ROLLNAME>
     <ADMINFIELD>0</ADMINFIELD>
     <SHLPORIGIN>D</SHLPORIGIN>
     <COMPTYPE>E</COMPTYPE>
    </DD03P>
    <DD03P>
     <TABNAME>ZST_CS81_EQUI_LINK_RESULT</TABNAME>
     <FIELDNAME>SUCCESS</FIELDNAME>
     <POSITION>0003</POSITION>
     <ROLLNAME>ZDE_CS81_ICON_SUCCESS</ROLLNAME>
     <ADMINFIELD>0</ADMINFIELD>
     <COMPTYPE>E</COMPTYPE>
    </DD03P>
    <DD03P>
     <TABNAME>ZST_CS81_EQUI_LINK_RESULT</TABNAME>
     <FIELDNAME>MODEL</FIELDNAME>
     <POSITION>0004</POSITION>
     <ROLLNAME>IHTTPVAL</ROLLNAME>
     <ADMINFIELD>0</ADMINFIELD>
     <COMPTYPE>E</COMPTYPE>
    </DD03P>
    <DD03P>
     <TABNAME>ZST_CS81_EQUI_LINK_RESULT</TABNAME>
     <FIELDNAME>MESSAGE</FIELDNAME>
     <POSITION>0005</POSITION>
     <ROLLNAME>BAPI_MSG</ROLLNAME>
     <ADMINFIELD>0</ADMINFIELD>
     <COMPTYPE>E</COMPTYPE>
    </DD03P>
   </DD03P_TABLE>
  </asx:values>
 </asx:abap>
</abapGit>
