﻿<?xml version="1.0" encoding="utf-8"?>
<abapGit version="v1.0.0" serializer="LCL_OBJECT_TABL" serializer_version="v1.0.0">
 <asx:abap xmlns:asx="http://www.sap.com/abapxml" version="1.0">
  <asx:values>
   <DD02V>
    <TABNAME>ZST_CS81_MODEL_LIST</TABNAME>
    <DDLANGUAGE>E</DDLANGUAGE>
    <TABCLASS>INTTAB</TABCLASS>
    <DDTEXT>List structure: Models for model mapping AIN</DDTEXT>
    <EXCLASS>1</EXCLASS>
   </DD02V>
   <DD03P_TABLE>
    <DD03P>
     <TABNAME>ZST_CS81_MODEL_LIST</TABNAME>
     <FIELDNAME>INTERNALID</FIELDNAME>
     <POSITION>0001</POSITION>
     <ROLLNAME>IHTTPVAL</ROLLNAME>
     <ADMINFIELD>0</ADMINFIELD>
     <COMPTYPE>E</COMPTYPE>
    </DD03P>
    <DD03P>
     <TABNAME>ZST_CS81_MODEL_LIST</TABNAME>
     <FIELDNAME>NAME</FIELDNAME>
     <POSITION>0002</POSITION>
     <ROLLNAME>IHTTPVAL</ROLLNAME>
     <ADMINFIELD>0</ADMINFIELD>
     <COMPTYPE>E</COMPTYPE>
    </DD03P>
    <DD03P>
     <TABNAME>ZST_CS81_MODEL_LIST</TABNAME>
     <FIELDNAME>MODELID</FIELDNAME>
     <POSITION>0003</POSITION>
     <ROLLNAME>IHTTPVAL</ROLLNAME>
     <ADMINFIELD>0</ADMINFIELD>
     <COMPTYPE>E</COMPTYPE>
    </DD03P>
    <DD03P>
     <TABNAME>ZST_CS81_MODEL_LIST</TABNAME>
     <FIELDNAME>TEMPLATEID</FIELDNAME>
     <POSITION>0004</POSITION>
     <ROLLNAME>IHTTPVAL</ROLLNAME>
     <ADMINFIELD>0</ADMINFIELD>
     <COMPTYPE>E</COMPTYPE>
    </DD03P>
    <DD03P>
     <TABNAME>ZST_CS81_MODEL_LIST</TABNAME>
     <FIELDNAME>MODELTEMPLATE</FIELDNAME>
     <POSITION>0005</POSITION>
     <ROLLNAME>IHTTPVAL</ROLLNAME>
     <ADMINFIELD>0</ADMINFIELD>
     <COMPTYPE>E</COMPTYPE>
    </DD03P>
    <DD03P>
     <TABNAME>ZST_CS81_MODEL_LIST</TABNAME>
     <FIELDNAME>MANUFACTURER</FIELDNAME>
     <POSITION>0006</POSITION>
     <ROLLNAME>IHTTPVAL</ROLLNAME>
     <ADMINFIELD>0</ADMINFIELD>
     <COMPTYPE>E</COMPTYPE>
    </DD03P>
    <DD03P>
     <TABNAME>ZST_CS81_MODEL_LIST</TABNAME>
     <FIELDNAME>MODEL</FIELDNAME>
     <POSITION>0007</POSITION>
     <ROLLNAME>IHTTPVAL</ROLLNAME>
     <ADMINFIELD>0</ADMINFIELD>
     <COMPTYPE>E</COMPTYPE>
    </DD03P>
    <DD03P>
     <TABNAME>ZST_CS81_MODEL_LIST</TABNAME>
     <FIELDNAME>RELEASEDATE</FIELDNAME>
     <POSITION>0008</POSITION>
     <ROLLNAME>IHTTPVAL</ROLLNAME>
     <ADMINFIELD>0</ADMINFIELD>
     <COMPTYPE>E</COMPTYPE>
    </DD03P>
    <DD03P>
     <TABNAME>ZST_CS81_MODEL_LIST</TABNAME>
     <FIELDNAME>MODELEXPIRATIONDATE</FIELDNAME>
     <POSITION>0009</POSITION>
     <ROLLNAME>IHTTPVAL</ROLLNAME>
     <ADMINFIELD>0</ADMINFIELD>
     <COMPTYPE>E</COMPTYPE>
    </DD03P>
    <DD03P>
     <TABNAME>ZST_CS81_MODEL_LIST</TABNAME>
     <FIELDNAME>SERVICEEXPIRATIONDATE</FIELDNAME>
     <POSITION>0010</POSITION>
     <ROLLNAME>IHTTPVAL</ROLLNAME>
     <ADMINFIELD>0</ADMINFIELD>
     <COMPTYPE>E</COMPTYPE>
    </DD03P>
    <DD03P>
     <TABNAME>ZST_CS81_MODEL_LIST</TABNAME>
     <FIELDNAME>STATUS</FIELDNAME>
     <POSITION>0011</POSITION>
     <ROLLNAME>IHTTPVAL</ROLLNAME>
     <ADMINFIELD>0</ADMINFIELD>
     <COMPTYPE>E</COMPTYPE>
    </DD03P>
    <DD03P>
     <TABNAME>ZST_CS81_MODEL_LIST</TABNAME>
     <FIELDNAME>COMPLETENESS</FIELDNAME>
     <POSITION>0012</POSITION>
     <ROLLNAME>IHTTPVAL</ROLLNAME>
     <ADMINFIELD>0</ADMINFIELD>
     <COMPTYPE>E</COMPTYPE>
    </DD03P>
    <DD03P>
     <TABNAME>ZST_CS81_MODEL_LIST</TABNAME>
     <FIELDNAME>CLASS</FIELDNAME>
     <POSITION>0013</POSITION>
     <ROLLNAME>IHTTPVAL</ROLLNAME>
     <ADMINFIELD>0</ADMINFIELD>
     <COMPTYPE>E</COMPTYPE>
    </DD03P>
    <DD03P>
     <TABNAME>ZST_CS81_MODEL_LIST</TABNAME>
     <FIELDNAME>SUBCLASS</FIELDNAME>
     <POSITION>0014</POSITION>
     <ROLLNAME>IHTTPVAL</ROLLNAME>
     <ADMINFIELD>0</ADMINFIELD>
     <COMPTYPE>E</COMPTYPE>
    </DD03P>
   </DD03P_TABLE>
  </asx:values>
 </asx:abap>
</abapGit>
