﻿<?xml version="1.0" encoding="utf-8"?>
<abapGit version="v1.0.0" serializer="LCL_OBJECT_TRAN" serializer_version="v1.0.0">
 <asx:abap xmlns:asx="http://www.sap.com/abapxml" version="1.0">
  <asx:values>
   <TSTC>
    <TCODE>ZT_CS81_001</TCODE>
    <CINFO>CA==</CINFO>
   </TSTC>
   <TSTCC>
    <TCODE>ZT_CS81_001</TCODE>
   </TSTCC>
   <TSTCT>
    <SPRSL>E</SPRSL>
    <TCODE>ZT_CS81_001</TCODE>
    <TTEXT>Interactive AIN model mapper</TTEXT>
   </TSTCT>
   <TSTCP>
    <TCODE>ZT_CS81_001</TCODE>
    <PARAM>\CLASS=ZCL_CS81_MODEL_LINKER_GUI\METHOD=MAIN</PARAM>
   </TSTCP>
  </asx:values>
 </asx:abap>
</abapGit>
