﻿<?xml version="1.0" encoding="utf-8"?>
<abapGit version="v1.0.0" serializer="LCL_OBJECT_SPRX" serializer_version="v1.0.0">
 <asx:abap xmlns:asx="http://www.sap.com/abapxml" version="1.0">
  <asx:values>
   <PROXY_HEADER>
    <item>
     <OBJECT>CLAS</OBJECT>
     <OBJ_NAME>ZPI_CO_SI_FUNC_LOC_SYNC_OUT</OBJ_NAME>
     <OBJECT_M>CLAS</OBJECT_M>
     <OBJ_NAME_M>ZPI_CO_SI_FUNC_LOC_SYNC_OUT</OBJ_NAME_M>
     <HASH_ID>DF7C7379BA7ABEF0B22876E66DFD3A3D95B807A3</HASH_ID>
     <ID>&lt;portType&gt; SI_FuncLoc_sync_out http://geze.com/po/sapain/funcloc http://geze.com/po/sapain/funcloc</ID>
     <IFR_GLOBAL>X</IFR_GLOBAL>
     <IFR_TYPE>portType</IFR_TYPE>
     <IFR_NAME>SI_FuncLoc_sync_out</IFR_NAME>
     <IFR_NSPCE>http://geze.com/po/sapain/funcloc</IFR_NSPCE>
     <IFR_GNSPCE>http://geze.com/po/sapain/funcloc</IFR_GNSPCE>
     <GEN_VERS>0006</GEN_VERS>
     <PREFIX>ZPI_</PREFIX>
     <CATEGORY>ifmmessif</CATEGORY>
     <DIRECTION>O</DIRECTION>
     <SYNCHRON>D</SYNCHRON>
     <X-ML_NSPCE>http://geze.com/po/sapain/funcloc</X-ML_NSPCE>
     <X-ML_NAME>SI_FuncLoc_sync_out</X-ML_NAME>
     <FURTHER_DATA>&lt;asx:abap xmlns:asx=&quot;http://www.sap.com/abapxml&quot; version=&quot;1.0&quot;&gt;&lt;asx:values&gt;&lt;DATA&gt;&lt;SOAP_APPL&gt;urn:sap-com:soap:application:esr:client:710&lt;/SOAP_APPL&gt;&lt;/DATA&gt;&lt;/asx:values&gt;&lt;/asx:abap&gt;</FURTHER_DATA>
     <VERSION_ID>374656d2b11b11e9929400001202cab2</VERSION_ID>
    </item>
   </PROXY_HEADER>
   <PROXY_DATA>
    <item>
     <OBJECT>CLAS</OBJECT>
     <OBJ_NAME>ZPI_CO_SI_FUNC_LOC_SYNC_OUT</OBJ_NAME>
     <OBJECT1>CLAS</OBJECT1>
     <OBJ_NAME1>ZPI_CO_SI_FUNC_LOC_SYNC_OUT</OBJ_NAME1>
     <OBJECT2>CLAS</OBJECT2>
     <OBJ_NAME2>ZPI_CO_SI_FUNC_LOC_SYNC_OUT</OBJ_NAME2>
     <ID>&lt;portType&gt; SI_FuncLoc_sync_out http://geze.com/po/sapain/funcloc http://geze.com/po/sapain/funcloc</ID>
     <IFR_TYPE>portType</IFR_TYPE>
     <IFR_NAME>SI_FuncLoc_sync_out</IFR_NAME>
     <IFR_LANGU>EN</IFR_LANGU>
     <IFR_SCALE>-2</IFR_SCALE>
     <R3_TYPE>CLAS</R3_TYPE>
     <R3_NAME>ZPI_CO_SI_FUNC_LOC_SYNC_OUT</R3_NAME>
     <R3_TEXT>Proxy Class (generated)</R3_TEXT>
     <CATEGORY>ifmmessif</CATEGORY>
     <DIRECTION>O</DIRECTION>
     <SYNCHRON>D</SYNCHRON>
    </item>
    <item>
     <OBJECT>CLAS</OBJECT>
     <OBJ_NAME>ZPI_CO_SI_FUNC_LOC_SYNC_OUT</OBJ_NAME>
     <OBJECT1>METH</OBJECT1>
     <OBJ_NAME1>SI_FUNC_LOC_SYNC_OUT</OBJ_NAME1>
     <OBJECT2>METH</OBJECT2>
     <OBJ_NAME2>SI_FUNC_LOC_SYNC_OUT</OBJ_NAME2>
     <ID>&lt;operation&gt; SI_FuncLoc_sync_out &lt;portType&gt; SI_FuncLoc_sync_out http://geze.com/po/sapain/funcloc http://geze.com/po/sapain/funcloc</ID>
     <IFR_TYPE>operation</IFR_TYPE>
     <IFR_NAME>SI_FuncLoc_sync_out</IFR_NAME>
     <IFR_LANGU>EN</IFR_LANGU>
     <IFR_SCALE>-2</IFR_SCALE>
     <R3_TYPE>METH</R3_TYPE>
     <R3_NAME>SI_FUNC_LOC_SYNC_OUT</R3_NAME>
     <R3_SEQNUM>000001</R3_SEQNUM>
     <DIRECTION>O</DIRECTION>
     <SYNCHRON>X</SYNCHRON>
    </item>
    <item>
     <OBJECT>CLAS</OBJECT>
     <OBJ_NAME>ZPI_CO_SI_FUNC_LOC_SYNC_OUT</OBJ_NAME>
     <OBJECT1>METH</OBJECT1>
     <OBJ_NAME1>SI_FUNC_LOC_SYNC_OUT</OBJ_NAME1>
     <OBJECT2>PAEX</OBJECT2>
     <OBJ_NAME2>INPUT</OBJ_NAME2>
     <OBJECT_R>TABL</OBJECT_R>
     <OBJ_NAME_R>ZPI_RESPONSE_MT</OBJ_NAME_R>
     <ID>&lt;input&gt; input &lt;operation&gt; SI_FuncLoc_sync_out &lt;portType&gt; SI_FuncLoc_sync_out http://geze.com/po/sapain/funcloc http://geze.com/po/sapain/funcloc</ID>
     <IFR_TYPE>PartInput</IFR_TYPE>
     <IFR_NAME>input</IFR_NAME>
     <IFR_SCALE>-2</IFR_SCALE>
     <R3_TYPE>PAEX</R3_TYPE>
     <R3_NAME>INPUT</R3_NAME>
     <R3_SEQNUM>000002</R3_SEQNUM>
    </item>
    <item>
     <OBJECT>CLAS</OBJECT>
     <OBJ_NAME>ZPI_CO_SI_FUNC_LOC_SYNC_OUT</OBJ_NAME>
     <OBJECT1>METH</OBJECT1>
     <OBJ_NAME1>SI_FUNC_LOC_SYNC_OUT</OBJ_NAME1>
     <OBJECT2>PAIM</OBJECT2>
     <OBJ_NAME2>OUTPUT</OBJ_NAME2>
     <OBJECT_R>TABL</OBJECT_R>
     <OBJ_NAME_R>ZPI_FUNC_LOC_MT</OBJ_NAME_R>
     <ID>&lt;output&gt; output &lt;operation&gt; SI_FuncLoc_sync_out &lt;portType&gt; SI_FuncLoc_sync_out http://geze.com/po/sapain/funcloc http://geze.com/po/sapain/funcloc</ID>
     <IFR_TYPE>PartOutput</IFR_TYPE>
     <IFR_NAME>output</IFR_NAME>
     <IFR_SCALE>-2</IFR_SCALE>
     <R3_TYPE>PAIM</R3_TYPE>
     <R3_NAME>OUTPUT</R3_NAME>
     <R3_SEQNUM>000001</R3_SEQNUM>
    </item>
   </PROXY_DATA>
  </asx:values>
 </asx:abap>
</abapGit>
