﻿<?xml version="1.0" encoding="utf-8"?>
<abapGit version="v1.0.0" serializer="LCL_OBJECT_SPRX" serializer_version="v1.0.0">
 <asx:abap xmlns:asx="http://www.sap.com/abapxml" version="1.0">
  <asx:values>
   <PROXY_HEADER>
    <item>
     <OBJECT>TABL</OBJECT>
     <OBJ_NAME>ZPI_RESPONSE_DT</OBJ_NAME>
     <OBJECT_M>TABL</OBJECT_M>
     <OBJ_NAME_M>ZPI_RESPONSE_DT</OBJ_NAME_M>
     <HASH_ID>FFD9996E72E6DEF151D6AFA99E3D0B177A28C2A3</HASH_ID>
     <ID>&lt;type&gt; Response_DT http://geze.com/po/sapain/funcloc http://geze.com/po/sapain/funcloc</ID>
     <IFR_GLOBAL>X</IFR_GLOBAL>
     <IFR_TYPE>type</IFR_TYPE>
     <IFR_NAME>Response_DT</IFR_NAME>
     <IFR_NSPCE>http://geze.com/po/sapain/funcloc</IFR_NSPCE>
     <IFR_GNSPCE>http://geze.com/po/sapain/funcloc</IFR_GNSPCE>
     <GEN_VERS>0005</GEN_VERS>
     <PREFIX>ZPI_</PREFIX>
     <CATEGORY>ifmtypedef</CATEGORY>
     <X-ML_NSPCE>http://geze.com/po/sapain/funcloc</X-ML_NSPCE>
     <X-ML_NAME>Response_DT</X-ML_NAME>
     <VERSION_ID>2651ee72b11b11e9a23d00001202cab2</VERSION_ID>
    </item>
   </PROXY_HEADER>
   <PROXY_DATA>
    <item>
     <OBJECT>TABL</OBJECT>
     <OBJ_NAME>ZPI_RESPONSE_DT</OBJ_NAME>
     <OBJECT1>FIEL</OBJECT1>
     <OBJ_NAME1>RETURN_CODE</OBJ_NAME1>
     <OBJECT2>FIEL</OBJECT2>
     <OBJ_NAME2>RETURN_CODE</OBJ_NAME2>
     <ID>&lt;element&gt; ReturnCode &lt;type&gt; Response_DT http://geze.com/po/sapain/funcloc http://geze.com/po/sapain/funcloc</ID>
     <IFR_TYPE>element</IFR_TYPE>
     <IFR_NAME>ReturnCode</IFR_NAME>
     <IFR_LANGU>EN</IFR_LANGU>
     <IFR_TAGTYP>E</IFR_TAGTYP>
     <IFR_MAXOCC>1</IFR_MAXOCC>
     <IFR_OPTNL>X</IFR_OPTNL>
     <IFR_XSDTYP>string</IFR_XSDTYP>
     <IFR_SCALE>-2</IFR_SCALE>
     <R3_TYPE>FIEL</R3_TYPE>
     <R3_NAME>RETURN_CODE</R3_NAME>
     <R3_DATATYP>STRG</R3_DATATYP>
     <R3_SEQNUM>000001</R3_SEQNUM>
    </item>
    <item>
     <OBJECT>TABL</OBJECT>
     <OBJ_NAME>ZPI_RESPONSE_DT</OBJ_NAME>
     <OBJECT1>TABL</OBJECT1>
     <OBJ_NAME1>ZPI_RESPONSE_DT</OBJ_NAME1>
     <OBJECT2>TABL</OBJECT2>
     <OBJ_NAME2>ZPI_RESPONSE_DT</OBJ_NAME2>
     <ID>&lt;type&gt; Response_DT http://geze.com/po/sapain/funcloc http://geze.com/po/sapain/funcloc</ID>
     <IFR_TYPE>type</IFR_TYPE>
     <IFR_NAME>Response_DT</IFR_NAME>
     <IFR_LANGU>EN</IFR_LANGU>
     <IFR_SCALE>-2</IFR_SCALE>
     <R3_TYPE>TABL</R3_TYPE>
     <R3_NAME>ZPI_RESPONSE_DT</R3_NAME>
     <R3_TEXT>Proxy Structure (generated)</R3_TEXT>
     <CATEGORY>ifmtypedef</CATEGORY>
    </item>
   </PROXY_DATA>
  </asx:values>
 </asx:abap>
</abapGit>
