﻿<?xml version="1.0" encoding="utf-8"?>
<abapGit version="v1.0.0" serializer="LCL_OBJECT_SPRX" serializer_version="v1.0.0">
 <asx:abap xmlns:asx="http://www.sap.com/abapxml" version="1.0">
  <asx:values>
   <PROXY_HEADER>
    <item>
     <OBJECT>TABL</OBJECT>
     <OBJ_NAME>ZPI_CONTACT_DT</OBJ_NAME>
     <OBJECT_M>TABL</OBJECT_M>
     <OBJ_NAME_M>ZPI_CONTACT_DT</OBJ_NAME_M>
     <HASH_ID>690E0690610EB3C18D0827E8CD53B0B545C020A0</HASH_ID>
     <ID>&lt;type&gt; Contact_DT http://geze.com/po/sapain/funcloc http://geze.com/po/sapain/funcloc</ID>
     <IFR_GLOBAL>X</IFR_GLOBAL>
     <IFR_TYPE>type</IFR_TYPE>
     <IFR_NAME>Contact_DT</IFR_NAME>
     <IFR_NSPCE>http://geze.com/po/sapain/funcloc</IFR_NSPCE>
     <IFR_GNSPCE>http://geze.com/po/sapain/funcloc</IFR_GNSPCE>
     <GEN_VERS>0005</GEN_VERS>
     <PREFIX>ZPI_</PREFIX>
     <CATEGORY>ifmtypedef</CATEGORY>
     <X-ML_NSPCE>http://geze.com/po/sapain/funcloc</X-ML_NSPCE>
     <X-ML_NAME>Contact_DT</X-ML_NAME>
     <VERSION_ID>1f477e93b11a11e9a8e100001202cab2</VERSION_ID>
    </item>
   </PROXY_HEADER>
   <PROXY_DATA>
    <item>
     <OBJECT>TABL</OBJECT>
     <OBJ_NAME>ZPI_CONTACT_DT</OBJ_NAME>
     <OBJECT1>FIEL</OBJECT1>
     <OBJ_NAME1>EMAIL</OBJ_NAME1>
     <OBJECT2>FIEL</OBJECT2>
     <OBJ_NAME2>EMAIL</OBJ_NAME2>
     <ID>&lt;element&gt; EMail &lt;type&gt; Contact_DT http://geze.com/po/sapain/funcloc http://geze.com/po/sapain/funcloc</ID>
     <IFR_TYPE>element</IFR_TYPE>
     <IFR_NAME>EMail</IFR_NAME>
     <IFR_LANGU>EN</IFR_LANGU>
     <IFR_TAGTYP>E</IFR_TAGTYP>
     <IFR_MAXOCC>1</IFR_MAXOCC>
     <IFR_OPTNL>X</IFR_OPTNL>
     <IFR_XSDTYP>string</IFR_XSDTYP>
     <IFR_SCALE>-2</IFR_SCALE>
     <R3_TYPE>FIEL</R3_TYPE>
     <R3_NAME>EMAIL</R3_NAME>
     <R3_DATATYP>STRG</R3_DATATYP>
     <R3_SEQNUM>000004</R3_SEQNUM>
    </item>
    <item>
     <OBJECT>TABL</OBJECT>
     <OBJ_NAME>ZPI_CONTACT_DT</OBJ_NAME>
     <OBJECT1>FIEL</OBJECT1>
     <OBJ_NAME1>FAX</OBJ_NAME1>
     <OBJECT2>FIEL</OBJECT2>
     <OBJ_NAME2>FAX</OBJ_NAME2>
     <ID>&lt;element&gt; Fax &lt;type&gt; Contact_DT http://geze.com/po/sapain/funcloc http://geze.com/po/sapain/funcloc</ID>
     <IFR_TYPE>element</IFR_TYPE>
     <IFR_NAME>Fax</IFR_NAME>
     <IFR_LANGU>EN</IFR_LANGU>
     <IFR_TAGTYP>E</IFR_TAGTYP>
     <IFR_MAXOCC>1</IFR_MAXOCC>
     <IFR_OPTNL>X</IFR_OPTNL>
     <IFR_XSDTYP>string</IFR_XSDTYP>
     <IFR_SCALE>-2</IFR_SCALE>
     <R3_TYPE>FIEL</R3_TYPE>
     <R3_NAME>FAX</R3_NAME>
     <R3_DATATYP>STRG</R3_DATATYP>
     <R3_SEQNUM>000007</R3_SEQNUM>
    </item>
    <item>
     <OBJECT>TABL</OBJECT>
     <OBJ_NAME>ZPI_CONTACT_DT</OBJ_NAME>
     <OBJECT1>FIEL</OBJECT1>
     <OBJ_NAME1>FIRSTNAME</OBJ_NAME1>
     <OBJECT2>FIEL</OBJECT2>
     <OBJ_NAME2>FIRSTNAME</OBJ_NAME2>
     <ID>&lt;element&gt; Firstname &lt;type&gt; Contact_DT http://geze.com/po/sapain/funcloc http://geze.com/po/sapain/funcloc</ID>
     <IFR_TYPE>element</IFR_TYPE>
     <IFR_NAME>Firstname</IFR_NAME>
     <IFR_LANGU>EN</IFR_LANGU>
     <IFR_TAGTYP>E</IFR_TAGTYP>
     <IFR_MAXOCC>1</IFR_MAXOCC>
     <IFR_OPTNL>X</IFR_OPTNL>
     <IFR_XSDTYP>string</IFR_XSDTYP>
     <IFR_SCALE>-2</IFR_SCALE>
     <R3_TYPE>FIEL</R3_TYPE>
     <R3_NAME>FIRSTNAME</R3_NAME>
     <R3_DATATYP>STRG</R3_DATATYP>
     <R3_SEQNUM>000002</R3_SEQNUM>
    </item>
    <item>
     <OBJECT>TABL</OBJECT>
     <OBJ_NAME>ZPI_CONTACT_DT</OBJ_NAME>
     <OBJECT1>FIEL</OBJECT1>
     <OBJ_NAME1>MOBILE</OBJ_NAME1>
     <OBJECT2>FIEL</OBJECT2>
     <OBJ_NAME2>MOBILE</OBJ_NAME2>
     <ID>&lt;element&gt; Mobile &lt;type&gt; Contact_DT http://geze.com/po/sapain/funcloc http://geze.com/po/sapain/funcloc</ID>
     <IFR_TYPE>element</IFR_TYPE>
     <IFR_NAME>Mobile</IFR_NAME>
     <IFR_LANGU>EN</IFR_LANGU>
     <IFR_TAGTYP>E</IFR_TAGTYP>
     <IFR_MAXOCC>1</IFR_MAXOCC>
     <IFR_OPTNL>X</IFR_OPTNL>
     <IFR_XSDTYP>string</IFR_XSDTYP>
     <IFR_SCALE>-2</IFR_SCALE>
     <R3_TYPE>FIEL</R3_TYPE>
     <R3_NAME>MOBILE</R3_NAME>
     <R3_DATATYP>STRG</R3_DATATYP>
     <R3_SEQNUM>000006</R3_SEQNUM>
    </item>
    <item>
     <OBJECT>TABL</OBJECT>
     <OBJ_NAME>ZPI_CONTACT_DT</OBJ_NAME>
     <OBJECT1>FIEL</OBJECT1>
     <OBJ_NAME1>NAME</OBJ_NAME1>
     <OBJECT2>FIEL</OBJECT2>
     <OBJ_NAME2>NAME</OBJ_NAME2>
     <ID>&lt;element&gt; Name &lt;type&gt; Contact_DT http://geze.com/po/sapain/funcloc http://geze.com/po/sapain/funcloc</ID>
     <IFR_TYPE>element</IFR_TYPE>
     <IFR_NAME>Name</IFR_NAME>
     <IFR_LANGU>EN</IFR_LANGU>
     <IFR_TAGTYP>E</IFR_TAGTYP>
     <IFR_MAXOCC>1</IFR_MAXOCC>
     <IFR_OPTNL>X</IFR_OPTNL>
     <IFR_XSDTYP>string</IFR_XSDTYP>
     <IFR_SCALE>-2</IFR_SCALE>
     <R3_TYPE>FIEL</R3_TYPE>
     <R3_NAME>NAME</R3_NAME>
     <R3_DATATYP>STRG</R3_DATATYP>
     <R3_SEQNUM>000003</R3_SEQNUM>
    </item>
    <item>
     <OBJECT>TABL</OBJECT>
     <OBJ_NAME>ZPI_CONTACT_DT</OBJ_NAME>
     <OBJECT1>FIEL</OBJECT1>
     <OBJ_NAME1>PHONE</OBJ_NAME1>
     <OBJECT2>FIEL</OBJECT2>
     <OBJ_NAME2>PHONE</OBJ_NAME2>
     <ID>&lt;element&gt; Phone &lt;type&gt; Contact_DT http://geze.com/po/sapain/funcloc http://geze.com/po/sapain/funcloc</ID>
     <IFR_TYPE>element</IFR_TYPE>
     <IFR_NAME>Phone</IFR_NAME>
     <IFR_LANGU>EN</IFR_LANGU>
     <IFR_TAGTYP>E</IFR_TAGTYP>
     <IFR_MAXOCC>1</IFR_MAXOCC>
     <IFR_OPTNL>X</IFR_OPTNL>
     <IFR_XSDTYP>string</IFR_XSDTYP>
     <IFR_SCALE>-2</IFR_SCALE>
     <R3_TYPE>FIEL</R3_TYPE>
     <R3_NAME>PHONE</R3_NAME>
     <R3_DATATYP>STRG</R3_DATATYP>
     <R3_SEQNUM>000005</R3_SEQNUM>
    </item>
    <item>
     <OBJECT>TABL</OBJECT>
     <OBJ_NAME>ZPI_CONTACT_DT</OBJ_NAME>
     <OBJECT1>FIEL</OBJECT1>
     <OBJ_NAME1>SALUTATION</OBJ_NAME1>
     <OBJECT2>FIEL</OBJECT2>
     <OBJ_NAME2>SALUTATION</OBJ_NAME2>
     <ID>&lt;element&gt; Salutation &lt;type&gt; Contact_DT http://geze.com/po/sapain/funcloc http://geze.com/po/sapain/funcloc</ID>
     <IFR_TYPE>element</IFR_TYPE>
     <IFR_NAME>Salutation</IFR_NAME>
     <IFR_LANGU>EN</IFR_LANGU>
     <IFR_TAGTYP>E</IFR_TAGTYP>
     <IFR_MAXOCC>1</IFR_MAXOCC>
     <IFR_OPTNL>X</IFR_OPTNL>
     <IFR_XSDTYP>string</IFR_XSDTYP>
     <IFR_SCALE>-2</IFR_SCALE>
     <R3_TYPE>FIEL</R3_TYPE>
     <R3_NAME>SALUTATION</R3_NAME>
     <R3_DATATYP>STRG</R3_DATATYP>
     <R3_SEQNUM>000001</R3_SEQNUM>
    </item>
    <item>
     <OBJECT>TABL</OBJECT>
     <OBJ_NAME>ZPI_CONTACT_DT</OBJ_NAME>
     <OBJECT1>TABL</OBJECT1>
     <OBJ_NAME1>ZPI_CONTACT_DT</OBJ_NAME1>
     <OBJECT2>TABL</OBJECT2>
     <OBJ_NAME2>ZPI_CONTACT_DT</OBJ_NAME2>
     <ID>&lt;type&gt; Contact_DT http://geze.com/po/sapain/funcloc http://geze.com/po/sapain/funcloc</ID>
     <IFR_TYPE>type</IFR_TYPE>
     <IFR_NAME>Contact_DT</IFR_NAME>
     <IFR_LANGU>EN</IFR_LANGU>
     <IFR_SCALE>-2</IFR_SCALE>
     <R3_TYPE>TABL</R3_TYPE>
     <R3_NAME>ZPI_CONTACT_DT</R3_NAME>
     <R3_TEXT>Proxy Structure (generated)</R3_TEXT>
     <CATEGORY>ifmtypedef</CATEGORY>
    </item>
   </PROXY_DATA>
  </asx:values>
 </asx:abap>
</abapGit>
