﻿<?xml version="1.0" encoding="utf-8"?>
<abapGit version="v1.0.0" serializer="LCL_OBJECT_SPRX" serializer_version="v1.0.0">
 <asx:abap xmlns:asx="http://www.sap.com/abapxml" version="1.0">
  <asx:values>
   <PROXY_HEADER>
    <item>
     <OBJECT>TABL</OBJECT>
     <OBJ_NAME>ZCL_CS81_EQUIPMENT_DT</OBJ_NAME>
     <OBJECT_M>TABL</OBJECT_M>
     <OBJ_NAME_M>ZCL_CS81_EQUIPMENT_DT</OBJ_NAME_M>
     <HASH_ID>A28EEDF228AA58CB4B1AF1BC90F4C25A7A07804E</HASH_ID>
     <ID>&lt;type&gt; Equipment_DT http://geze.com/po/sapain/equipment http://geze.com/po/sapain/equipment</ID>
     <IFR_GLOBAL>X</IFR_GLOBAL>
     <IFR_TYPE>type</IFR_TYPE>
     <IFR_NAME>Equipment_DT</IFR_NAME>
     <IFR_NSPCE>http://geze.com/po/sapain/equipment</IFR_NSPCE>
     <IFR_GNSPCE>http://geze.com/po/sapain/equipment</IFR_GNSPCE>
     <GEN_VERS>0005</GEN_VERS>
     <PREFIX>ZCL_CS81_</PREFIX>
     <CATEGORY>ifmtypedef</CATEGORY>
     <X-ML_NSPCE>http://geze.com/po/sapain/equipment</X-ML_NSPCE>
     <X-ML_NAME>Equipment_DT</X-ML_NAME>
     <VERSION_ID>126387cfb11c11e985b300001202cab2</VERSION_ID>
    </item>
   </PROXY_HEADER>
   <PROXY_DATA>
    <item>
     <OBJECT>TABL</OBJECT>
     <OBJ_NAME>ZCL_CS81_EQUIPMENT_DT</OBJ_NAME>
     <OBJECT1>FIEL</OBJECT1>
     <OBJ_NAME1>EQUIPMENT_ID</OBJ_NAME1>
     <OBJECT2>FIEL</OBJECT2>
     <OBJ_NAME2>EQUIPMENT_ID</OBJ_NAME2>
     <ID>&lt;element&gt; EquipmentID &lt;type&gt; Equipment_DT http://geze.com/po/sapain/equipment http://geze.com/po/sapain/equipment</ID>
     <IFR_TYPE>element</IFR_TYPE>
     <IFR_NAME>EquipmentID</IFR_NAME>
     <IFR_LANGU>EN</IFR_LANGU>
     <IFR_TAGTYP>E</IFR_TAGTYP>
     <IFR_MINOCC>1</IFR_MINOCC>
     <IFR_MAXOCC>1</IFR_MAXOCC>
     <IFR_XSDTYP>string</IFR_XSDTYP>
     <IFR_SCALE>-2</IFR_SCALE>
     <R3_TYPE>FIEL</R3_TYPE>
     <R3_NAME>EQUIPMENT_ID</R3_NAME>
     <R3_DATATYP>STRG</R3_DATATYP>
     <R3_SEQNUM>000001</R3_SEQNUM>
    </item>
    <item>
     <OBJECT>TABL</OBJECT>
     <OBJ_NAME>ZCL_CS81_EQUIPMENT_DT</OBJ_NAME>
     <OBJECT1>FIEL</OBJECT1>
     <OBJ_NAME1>FUNC_LOC_ID</OBJ_NAME1>
     <OBJECT2>FIEL</OBJECT2>
     <OBJ_NAME2>FUNC_LOC_ID</OBJ_NAME2>
     <ID>&lt;element&gt; FuncLocID &lt;type&gt; Equipment_DT http://geze.com/po/sapain/equipment http://geze.com/po/sapain/equipment</ID>
     <IFR_TYPE>element</IFR_TYPE>
     <IFR_NAME>FuncLocID</IFR_NAME>
     <IFR_LANGU>EN</IFR_LANGU>
     <IFR_TAGTYP>E</IFR_TAGTYP>
     <IFR_MAXOCC>1</IFR_MAXOCC>
     <IFR_OPTNL>X</IFR_OPTNL>
     <IFR_XSDTYP>string</IFR_XSDTYP>
     <IFR_SCALE>-2</IFR_SCALE>
     <R3_TYPE>FIEL</R3_TYPE>
     <R3_NAME>FUNC_LOC_ID</R3_NAME>
     <R3_DATATYP>STRG</R3_DATATYP>
     <R3_SEQNUM>000002</R3_SEQNUM>
    </item>
    <item>
     <OBJECT>TABL</OBJECT>
     <OBJ_NAME>ZCL_CS81_EQUIPMENT_DT</OBJ_NAME>
     <OBJECT1>TABL</OBJECT1>
     <OBJ_NAME1>ZCL_CS81_EQUIPMENT_DT</OBJ_NAME1>
     <OBJECT2>TABL</OBJECT2>
     <OBJ_NAME2>ZCL_CS81_EQUIPMENT_DT</OBJ_NAME2>
     <ID>&lt;type&gt; Equipment_DT http://geze.com/po/sapain/equipment http://geze.com/po/sapain/equipment</ID>
     <IFR_TYPE>type</IFR_TYPE>
     <IFR_NAME>Equipment_DT</IFR_NAME>
     <IFR_LANGU>EN</IFR_LANGU>
     <IFR_SCALE>-2</IFR_SCALE>
     <R3_TYPE>TABL</R3_TYPE>
     <R3_NAME>ZCL_CS81_EQUIPMENT_DT</R3_NAME>
     <R3_TEXT>Proxy Structure (generated)</R3_TEXT>
     <CATEGORY>ifmtypedef</CATEGORY>
    </item>
   </PROXY_DATA>
  </asx:values>
 </asx:abap>
</abapGit>
