﻿<?xml version="1.0" encoding="utf-8"?>
<abapGit version="v1.0.0" serializer="LCL_OBJECT_SPRX" serializer_version="v1.0.0">
 <asx:abap xmlns:asx="http://www.sap.com/abapxml" version="1.0">
  <asx:values>
   <PROXY_HEADER>
    <item>
     <OBJECT>TABL</OBJECT>
     <OBJ_NAME>ZCL_CS81_EQUIPMENT_MT</OBJ_NAME>
     <OBJECT_M>TABL</OBJECT_M>
     <OBJ_NAME_M>ZCL_CS81_EQUIPMENT_MT</OBJ_NAME_M>
     <HASH_ID>C0DED8242B97007B0731AFFF0AB4F2891BC5CFC8</HASH_ID>
     <ID>&lt;message&gt; Equipment_MT http://geze.com/po/sapain/equipment http://geze.com/po/sapain/equipment</ID>
     <IFR_GLOBAL>X</IFR_GLOBAL>
     <IFR_TYPE>message</IFR_TYPE>
     <IFR_NAME>Equipment_MT</IFR_NAME>
     <IFR_NSPCE>http://geze.com/po/sapain/equipment</IFR_NSPCE>
     <IFR_GNSPCE>http://geze.com/po/sapain/equipment</IFR_GNSPCE>
     <GEN_VERS>0006</GEN_VERS>
     <PREFIX>ZCL_CS81_</PREFIX>
     <CATEGORY>ifmmessage</CATEGORY>
     <X-ML_NSPCE>http://geze.com/po/sapain/equipment</X-ML_NSPCE>
     <X-ML_NAME>Equipment_MT</X-ML_NAME>
     <VERSION_ID>38fe72b7b11c11e9b43900001202cab2</VERSION_ID>
    </item>
   </PROXY_HEADER>
   <PROXY_DATA>
    <item>
     <OBJECT>TABL</OBJECT>
     <OBJ_NAME>ZCL_CS81_EQUIPMENT_MT</OBJ_NAME>
     <OBJECT1>FIEL</OBJECT1>
     <OBJ_NAME1>EQUIPMENT_MT</OBJ_NAME1>
     <OBJECT2>FIEL</OBJECT2>
     <OBJ_NAME2>EQUIPMENT_MT</OBJ_NAME2>
     <OBJECT_R>TABL</OBJECT_R>
     <OBJ_NAME_R>ZCL_CS81_EQUIPMENT_DT</OBJ_NAME_R>
     <ID>&lt;part&gt; Equipment_MT &lt;message&gt; Equipment_MT http://geze.com/po/sapain/equipment http://geze.com/po/sapain/equipment</ID>
     <IFR_TYPE>part</IFR_TYPE>
     <IFR_NAME>Equipment_MT</IFR_NAME>
     <IFR_SCALE>-2</IFR_SCALE>
     <R3_TYPE>FIEL</R3_TYPE>
     <R3_NAME>EQUIPMENT_MT</R3_NAME>
     <R3_SEQNUM>000001</R3_SEQNUM>
    </item>
    <item>
     <OBJECT>TABL</OBJECT>
     <OBJ_NAME>ZCL_CS81_EQUIPMENT_MT</OBJ_NAME>
     <OBJECT1>TABL</OBJECT1>
     <OBJ_NAME1>ZCL_CS81_EQUIPMENT_MT</OBJ_NAME1>
     <OBJECT2>TABL</OBJECT2>
     <OBJ_NAME2>ZCL_CS81_EQUIPMENT_MT</OBJ_NAME2>
     <ID>&lt;message&gt; Equipment_MT http://geze.com/po/sapain/equipment http://geze.com/po/sapain/equipment</ID>
     <IFR_TYPE>message</IFR_TYPE>
     <IFR_NAME>Equipment_MT</IFR_NAME>
     <IFR_LANGU>EN</IFR_LANGU>
     <IFR_SCALE>-2</IFR_SCALE>
     <R3_TYPE>TABL</R3_TYPE>
     <R3_NAME>ZCL_CS81_EQUIPMENT_MT</R3_NAME>
     <R3_TEXT>Proxy Structure (generated)</R3_TEXT>
     <CATEGORY>ifmmessage</CATEGORY>
    </item>
   </PROXY_DATA>
  </asx:values>
 </asx:abap>
</abapGit>
