﻿<?xml version="1.0" encoding="utf-8"?>
<abapGit version="v1.0.0" serializer="LCL_OBJECT_SPRX" serializer_version="v1.0.0">
 <asx:abap xmlns:asx="http://www.sap.com/abapxml" version="1.0">
  <asx:values>
   <PROXY_HEADER>
    <item>
     <OBJECT>TABL</OBJECT>
     <OBJ_NAME>ZPI_FUNC_LOC_DT1</OBJ_NAME>
     <OBJECT_M>TABL</OBJECT_M>
     <OBJ_NAME_M>ZPI_FUNC_LOC_DT1</OBJ_NAME_M>
     <HASH_ID>5CE6EDD580D410D70AAA8FF565DCD8D6B91A87BA</HASH_ID>
     <ID>&lt;type&gt; FuncLoc_DT http://geze.com/po/sapain/funcloc http://geze.com/po/sapain/funcloc</ID>
     <IFR_GLOBAL>X</IFR_GLOBAL>
     <IFR_TYPE>type</IFR_TYPE>
     <IFR_NAME>FuncLoc_DT</IFR_NAME>
     <IFR_NSPCE>http://geze.com/po/sapain/funcloc</IFR_NSPCE>
     <IFR_GNSPCE>http://geze.com/po/sapain/funcloc</IFR_GNSPCE>
     <GEN_VERS>0005</GEN_VERS>
     <PREFIX>ZPI_</PREFIX>
     <CATEGORY>ifmtypedef</CATEGORY>
     <X-ML_NSPCE>http://geze.com/po/sapain/funcloc</X-ML_NSPCE>
     <X-ML_NAME>FuncLoc_DT</X-ML_NAME>
     <VERSION_ID>c343d93fb11a11e99edd00001202cab2</VERSION_ID>
    </item>
   </PROXY_HEADER>
   <PROXY_DATA>
    <item>
     <OBJECT>TABL</OBJECT>
     <OBJ_NAME>ZPI_FUNC_LOC_DT1</OBJ_NAME>
     <OBJECT1>FIEL</OBJECT1>
     <OBJ_NAME1>CONTACT_CUST</OBJ_NAME1>
     <OBJECT2>FIEL</OBJECT2>
     <OBJ_NAME2>CONTACT_CUST</OBJ_NAME2>
     <OBJECT_R>TABL</OBJECT_R>
     <OBJ_NAME_R>ZPI_CONTACT_DT</OBJ_NAME_R>
     <ID>&lt;element&gt; ContactCust &lt;type&gt; FuncLoc_DT http://geze.com/po/sapain/funcloc http://geze.com/po/sapain/funcloc</ID>
     <IFR_TYPE>element</IFR_TYPE>
     <IFR_NAME>ContactCust</IFR_NAME>
     <IFR_LANGU>EN</IFR_LANGU>
     <IFR_TAGTYP>E</IFR_TAGTYP>
     <IFR_MAXOCC>1</IFR_MAXOCC>
     <IFR_OPTNL>X</IFR_OPTNL>
     <IFR_SCALE>-2</IFR_SCALE>
     <R3_TYPE>FIEL</R3_TYPE>
     <R3_NAME>CONTACT_CUST</R3_NAME>
     <R3_SEQNUM>000003</R3_SEQNUM>
    </item>
    <item>
     <OBJECT>TABL</OBJECT>
     <OBJ_NAME>ZPI_FUNC_LOC_DT1</OBJ_NAME>
     <OBJECT1>FIEL</OBJECT1>
     <OBJ_NAME1>CONTACT_FUNC_LOC</OBJ_NAME1>
     <OBJECT2>FIEL</OBJECT2>
     <OBJ_NAME2>CONTACT_FUNC_LOC</OBJ_NAME2>
     <OBJECT_R>TABL</OBJECT_R>
     <OBJ_NAME_R>ZPI_CONTACT_DT</OBJ_NAME_R>
     <ID>&lt;element&gt; ContactFuncLoc &lt;type&gt; FuncLoc_DT http://geze.com/po/sapain/funcloc http://geze.com/po/sapain/funcloc</ID>
     <IFR_TYPE>element</IFR_TYPE>
     <IFR_NAME>ContactFuncLoc</IFR_NAME>
     <IFR_LANGU>EN</IFR_LANGU>
     <IFR_TAGTYP>E</IFR_TAGTYP>
     <IFR_MAXOCC>1</IFR_MAXOCC>
     <IFR_OPTNL>X</IFR_OPTNL>
     <IFR_SCALE>-2</IFR_SCALE>
     <R3_TYPE>FIEL</R3_TYPE>
     <R3_NAME>CONTACT_FUNC_LOC</R3_NAME>
     <R3_SEQNUM>000002</R3_SEQNUM>
    </item>
    <item>
     <OBJECT>TABL</OBJECT>
     <OBJ_NAME>ZPI_FUNC_LOC_DT1</OBJ_NAME>
     <OBJECT1>FIEL</OBJECT1>
     <OBJ_NAME1>ID</OBJ_NAME1>
     <OBJECT2>FIEL</OBJECT2>
     <OBJ_NAME2>ID</OBJ_NAME2>
     <ID>&lt;element&gt; ID &lt;type&gt; FuncLoc_DT http://geze.com/po/sapain/funcloc http://geze.com/po/sapain/funcloc</ID>
     <IFR_TYPE>element</IFR_TYPE>
     <IFR_NAME>ID</IFR_NAME>
     <IFR_LANGU>EN</IFR_LANGU>
     <IFR_TAGTYP>E</IFR_TAGTYP>
     <IFR_MINOCC>1</IFR_MINOCC>
     <IFR_MAXOCC>1</IFR_MAXOCC>
     <IFR_XSDTYP>string</IFR_XSDTYP>
     <IFR_SCALE>-2</IFR_SCALE>
     <R3_TYPE>FIEL</R3_TYPE>
     <R3_NAME>ID</R3_NAME>
     <R3_DATATYP>STRG</R3_DATATYP>
     <R3_SEQNUM>000001</R3_SEQNUM>
    </item>
    <item>
     <OBJECT>TABL</OBJECT>
     <OBJ_NAME>ZPI_FUNC_LOC_DT1</OBJ_NAME>
     <OBJECT1>TABL</OBJECT1>
     <OBJ_NAME1>ZPI_FUNC_LOC_DT1</OBJ_NAME1>
     <OBJECT2>TABL</OBJECT2>
     <OBJ_NAME2>ZPI_FUNC_LOC_DT1</OBJ_NAME2>
     <ID>&lt;type&gt; FuncLoc_DT http://geze.com/po/sapain/funcloc http://geze.com/po/sapain/funcloc</ID>
     <IFR_TYPE>type</IFR_TYPE>
     <IFR_NAME>FuncLoc_DT</IFR_NAME>
     <IFR_LANGU>EN</IFR_LANGU>
     <IFR_SCALE>-2</IFR_SCALE>
     <R3_TYPE>TABL</R3_TYPE>
     <R3_NAME>ZPI_FUNC_LOC_DT1</R3_NAME>
     <R3_TEXT>Proxy Structure (generated)</R3_TEXT>
     <CATEGORY>ifmtypedef</CATEGORY>
    </item>
   </PROXY_DATA>
  </asx:values>
 </asx:abap>
</abapGit>
