﻿<?xml version="1.0" encoding="utf-8"?>
<abapGit version="v1.0.0" serializer="LCL_OBJECT_DTEL" serializer_version="v1.0.0">
 <asx:abap xmlns:asx="http://www.sap.com/abapxml" version="1.0">
  <asx:values>
   <DD04V>
    <ROLLNAME>ZDE_CS81_CHAR_MODEL</ROLLNAME>
    <DDLANGUAGE>E</DDLANGUAGE>
    <DOMNAME>ATNAM</DOMNAME>
    <MEMORYID>FEA</MEMORYID>
    <LOGFLAG>X</LOGFLAG>
    <HEADLEN>22</HEADLEN>
    <SCRLEN1>10</SCRLEN1>
    <SCRLEN2>17</SCRLEN2>
    <SCRLEN3>22</SCRLEN3>
    <DDTEXT>Characteristic for AIN model id</DDTEXT>
    <REPTEXT>Char.for AIN model</REPTEXT>
    <SCRTEXT_S>AIMappAttr</SCRTEXT_S>
    <SCRTEXT_M>AIN mode</SCRTEXT_M>
    <SCRTEXT_L>Char. for AIN model</SCRTEXT_L>
    <APPLCLASS>CT</APPLCLASS>
    <DTELMASTER>E</DTELMASTER>
    <DEFFDNAME>NAME_CHAR</DEFFDNAME>
    <REFKIND>D</REFKIND>
   </DD04V>
   <I18N_LANGS>
    <LANGU>1</LANGU>
    <LANGU>3</LANGU>
    <LANGU>D</LANGU>
    <LANGU>F</LANGU>
    <LANGU>H</LANGU>
    <LANGU>I</LANGU>
    <LANGU>K</LANGU>
    <LANGU>L</LANGU>
    <LANGU>N</LANGU>
    <LANGU>O</LANGU>
    <LANGU>P</LANGU>
    <LANGU>R</LANGU>
    <LANGU>S</LANGU>
    <LANGU>V</LANGU>
    <LANGU>d</LANGU>
   </I18N_LANGS>
   <DD04_TEXTS>
    <item>
     <DDLANGUAGE>1</DDLANGUAGE>
     <DDTEXT>特征名称</DDTEXT>
     <REPTEXT>特征名称</REPTEXT>
     <SCRTEXT_S>特征</SCRTEXT_S>
     <SCRTEXT_M>特征</SCRTEXT_M>
     <SCRTEXT_L>特征名称</SCRTEXT_L>
    </item>
    <item>
     <DDLANGUAGE>3</DDLANGUAGE>
     <DDTEXT>특성 이름</DDTEXT>
     <REPTEXT>특성 이름</REPTEXT>
     <SCRTEXT_S>특성</SCRTEXT_S>
     <SCRTEXT_M>특성</SCRTEXT_M>
     <SCRTEXT_L>특성 이름</SCRTEXT_L>
    </item>
    <item>
     <DDLANGUAGE>D</DDLANGUAGE>
     <DDTEXT>Merkmalname für AIN Modell ID</DDTEXT>
     <REPTEXT>Merkmal für AIN Modell</REPTEXT>
     <SCRTEXT_S>AINModMerk</SCRTEXT_S>
     <SCRTEXT_M>AIN Modell Merkm.</SCRTEXT_M>
     <SCRTEXT_L>Merkmal für AIN Modell</SCRTEXT_L>
    </item>
    <item>
     <DDLANGUAGE>F</DDLANGUAGE>
     <DDTEXT>Nom de la caractéristique</DDTEXT>
     <REPTEXT>Caractéristique</REPTEXT>
     <SCRTEXT_S>Caractér.</SCRTEXT_S>
     <SCRTEXT_M>Caractéristique</SCRTEXT_M>
     <SCRTEXT_L>Nom caractéristique</SCRTEXT_L>
    </item>
    <item>
     <DDLANGUAGE>H</DDLANGUAGE>
     <DDTEXT>Jellemző neve</DDTEXT>
     <REPTEXT>Jellemző neve</REPTEXT>
     <SCRTEXT_S>Jellemző</SCRTEXT_S>
     <SCRTEXT_M>Jellemző</SCRTEXT_M>
     <SCRTEXT_L>Jellemző neve</SCRTEXT_L>
    </item>
    <item>
     <DDLANGUAGE>I</DDLANGUAGE>
     <DDTEXT>Nome caratteristica</DDTEXT>
     <REPTEXT>Nome car.</REPTEXT>
     <SCRTEXT_S>Caratt.</SCRTEXT_S>
     <SCRTEXT_M>Caratt.</SCRTEXT_M>
     <SCRTEXT_L>Nome caratteristica</SCRTEXT_L>
    </item>
    <item>
     <DDLANGUAGE>K</DDLANGUAGE>
     <DDTEXT>Kendetegnsnavn</DDTEXT>
     <REPTEXT>Kendetegnsnavn</REPTEXT>
     <SCRTEXT_S>Kendetegn</SCRTEXT_S>
     <SCRTEXT_M>Kendetegn</SCRTEXT_M>
     <SCRTEXT_L>Kendetegnsnavn</SCRTEXT_L>
    </item>
    <item>
     <DDLANGUAGE>L</DDLANGUAGE>
     <DDTEXT>Nazwa cechy</DDTEXT>
     <REPTEXT>Nazwa cechy</REPTEXT>
     <SCRTEXT_S>Cecha</SCRTEXT_S>
     <SCRTEXT_M>Cecha</SCRTEXT_M>
     <SCRTEXT_L>Nazwa cechy</SCRTEXT_L>
    </item>
    <item>
     <DDLANGUAGE>N</DDLANGUAGE>
     <DDTEXT>Kenmerknaam</DDTEXT>
     <REPTEXT>Kenmerknaam</REPTEXT>
     <SCRTEXT_S>Kenmerk</SCRTEXT_S>
     <SCRTEXT_M>Kenmerk</SCRTEXT_M>
     <SCRTEXT_L>Kenmerknaam</SCRTEXT_L>
    </item>
    <item>
     <DDLANGUAGE>O</DDLANGUAGE>
     <DDTEXT>Kjennetegnsnavn</DDTEXT>
     <REPTEXT>Kjennetegnsnavn</REPTEXT>
     <SCRTEXT_S>Kjennetegn</SCRTEXT_S>
     <SCRTEXT_M>Kjennetegn</SCRTEXT_M>
     <SCRTEXT_L>Kjennetegnsnavn</SCRTEXT_L>
    </item>
    <item>
     <DDLANGUAGE>P</DDLANGUAGE>
     <DDTEXT>Nome da característica</DDTEXT>
     <REPTEXT>Nome caract.</REPTEXT>
     <SCRTEXT_S>Caract.</SCRTEXT_S>
     <SCRTEXT_M>Característica</SCRTEXT_M>
     <SCRTEXT_L>Nome característica</SCRTEXT_L>
    </item>
    <item>
     <DDLANGUAGE>R</DDLANGUAGE>
     <DDTEXT>Имя признака</DDTEXT>
     <REPTEXT>Имя признака</REPTEXT>
     <SCRTEXT_S>Признак</SCRTEXT_S>
     <SCRTEXT_M>Признак</SCRTEXT_M>
     <SCRTEXT_L>Имя признака</SCRTEXT_L>
    </item>
    <item>
     <DDLANGUAGE>S</DDLANGUAGE>
     <DDTEXT>Nombre de característica</DDTEXT>
     <REPTEXT>Nombre caract.</REPTEXT>
     <SCRTEXT_S>Caract.</SCRTEXT_S>
     <SCRTEXT_M>Característica</SCRTEXT_M>
     <SCRTEXT_L>Nombre característ.</SCRTEXT_L>
    </item>
    <item>
     <DDLANGUAGE>V</DDLANGUAGE>
     <DDTEXT>Egenskapsnamn</DDTEXT>
     <REPTEXT>Egenskapsnamn</REPTEXT>
     <SCRTEXT_S>Egenskap</SCRTEXT_S>
     <SCRTEXT_M>Egenskap</SCRTEXT_M>
     <SCRTEXT_L>Egenskapsnamn</SCRTEXT_L>
    </item>
    <item>
     <DDLANGUAGE>d</DDLANGUAGE>
     <DDTEXT>Naziv karakteristike</DDTEXT>
     <REPTEXT>Naz.karakt.</REPTEXT>
     <SCRTEXT_S>Karakter.</SCRTEXT_S>
     <SCRTEXT_M>Karakteristika</SCRTEXT_M>
     <SCRTEXT_L>Naziv karakteristike</SCRTEXT_L>
    </item>
   </DD04_TEXTS>
  </asx:values>
 </asx:abap>
</abapGit>
