﻿<?xml version="1.0" encoding="utf-8"?>
<abapGit version="v1.0.0" serializer="LCL_OBJECT_DTEL" serializer_version="v1.0.0">
 <asx:abap xmlns:asx="http://www.sap.com/abapxml" version="1.0">
  <asx:values>
   <DD04V>
    <ROLLNAME>ZDE_CS81_SOURCE_VALUE</ROLLNAME>
    <DDLANGUAGE>E</DDLANGUAGE>
    <DOMNAME>ATWRT</DOMNAME>
    <HEADLEN>30</HEADLEN>
    <SCRLEN1>10</SCRLEN1>
    <SCRLEN2>20</SCRLEN2>
    <SCRLEN3>40</SCRLEN3>
    <DDTEXT>AIN attribute mapping: source value</DDTEXT>
    <REPTEXT>Source value</REPTEXT>
    <SCRTEXT_S>Source</SCRTEXT_S>
    <SCRTEXT_M>Source val</SCRTEXT_M>
    <SCRTEXT_L>Source value</SCRTEXT_L>
    <DTELMASTER>E</DTELMASTER>
    <REFKIND>D</REFKIND>
   </DD04V>
   <I18N_LANGS>
    <LANGU>D</LANGU>
   </I18N_LANGS>
   <DD04_TEXTS>
    <item>
     <DDLANGUAGE>D</DDLANGUAGE>
     <DDTEXT>AIN Attributmapping: Quellwert</DDTEXT>
     <REPTEXT>Quellwert</REPTEXT>
     <SCRTEXT_S>Quellwert</SCRTEXT_S>
     <SCRTEXT_M>Quellwert</SCRTEXT_M>
     <SCRTEXT_L>Quellwert</SCRTEXT_L>
    </item>
   </DD04_TEXTS>
  </asx:values>
 </asx:abap>
</abapGit>
