﻿<?xml version="1.0" encoding="utf-8"?>
<abapGit version="v1.0.0" serializer="LCL_OBJECT_DTEL" serializer_version="v1.0.0">
 <asx:abap xmlns:asx="http://www.sap.com/abapxml" version="1.0">
  <asx:values>
   <DD04V>
    <ROLLNAME>ZDE_CS81_DESTIN_VALUE</ROLLNAME>
    <DDLANGUAGE>E</DDLANGUAGE>
    <DOMNAME>ATWRT</DOMNAME>
    <HEADLEN>30</HEADLEN>
    <SCRLEN1>10</SCRLEN1>
    <SCRLEN2>20</SCRLEN2>
    <SCRLEN3>40</SCRLEN3>
    <DDTEXT>AIN attribute mapping: destination value</DDTEXT>
    <REPTEXT>Destination value</REPTEXT>
    <SCRTEXT_S>Destin</SCRTEXT_S>
    <SCRTEXT_M>Destination</SCRTEXT_M>
    <SCRTEXT_L>Destination value</SCRTEXT_L>
    <DTELMASTER>E</DTELMASTER>
    <REFKIND>D</REFKIND>
   </DD04V>
   <I18N_LANGS>
    <LANGU>D</LANGU>
   </I18N_LANGS>
   <DD04_TEXTS>
    <item>
     <DDLANGUAGE>D</DDLANGUAGE>
     <DDTEXT>AIN Attributmapping: Zielwert</DDTEXT>
     <REPTEXT>Zielwert</REPTEXT>
     <SCRTEXT_S>Zielwert</SCRTEXT_S>
     <SCRTEXT_M>Zielwert</SCRTEXT_M>
     <SCRTEXT_L>Zielwert</SCRTEXT_L>
    </item>
   </DD04_TEXTS>
  </asx:values>
 </asx:abap>
</abapGit>
