﻿<?xml version="1.0" encoding="utf-8"?>
<abapGit version="v1.0.0" serializer="LCL_OBJECT_DTEL" serializer_version="v1.0.0">
 <asx:abap xmlns:asx="http://www.sap.com/abapxml" version="1.0">
  <asx:values>
   <DD04V>
    <ROLLNAME>ZDE_CS81_ATTRIB_CLASS</ROLLNAME>
    <DDLANGUAGE>E</DDLANGUAGE>
    <DOMNAME>KLASSE</DOMNAME>
    <MEMORYID>KLA</MEMORYID>
    <HEADLEN>30</HEADLEN>
    <SCRLEN1>10</SCRLEN1>
    <SCRLEN2>20</SCRLEN2>
    <SCRLEN3>40</SCRLEN3>
    <DDTEXT>AIN model determination: attribute class to be used</DDTEXT>
    <REPTEXT>Attribute Class</REPTEXT>
    <SCRTEXT_S>AttrClass</SCRTEXT_S>
    <SCRTEXT_M>Attribute Class</SCRTEXT_M>
    <SCRTEXT_L>Attribute Class for mapping</SCRTEXT_L>
    <APPLCLASS>CL</APPLCLASS>
    <DTELMASTER>E</DTELMASTER>
    <DEFFDNAME>CLASS_NUM</DEFFDNAME>
    <REFKIND>D</REFKIND>
   </DD04V>
   <I18N_LANGS>
    <LANGU>1</LANGU>
    <LANGU>3</LANGU>
    <LANGU>D</LANGU>
    <LANGU>F</LANGU>
    <LANGU>H</LANGU>
    <LANGU>I</LANGU>
    <LANGU>K</LANGU>
    <LANGU>L</LANGU>
    <LANGU>N</LANGU>
    <LANGU>O</LANGU>
    <LANGU>P</LANGU>
    <LANGU>R</LANGU>
    <LANGU>S</LANGU>
    <LANGU>V</LANGU>
    <LANGU>d</LANGU>
   </I18N_LANGS>
   <DD04_TEXTS>
    <item>
     <DDLANGUAGE>1</DDLANGUAGE>
     <DDTEXT>类号</DDTEXT>
     <REPTEXT>类别</REPTEXT>
     <SCRTEXT_S>类别</SCRTEXT_S>
     <SCRTEXT_M>类别</SCRTEXT_M>
     <SCRTEXT_L>类别</SCRTEXT_L>
    </item>
    <item>
     <DDLANGUAGE>3</DDLANGUAGE>
     <DDTEXT>클래스 번호</DDTEXT>
     <REPTEXT>클래스</REPTEXT>
     <SCRTEXT_S>클래스</SCRTEXT_S>
     <SCRTEXT_M>클래스</SCRTEXT_M>
     <SCRTEXT_L>클래스</SCRTEXT_L>
    </item>
    <item>
     <DDLANGUAGE>D</DDLANGUAGE>
     <DDTEXT>AIN Modellermittlung: zu verwendende Attributklasse</DDTEXT>
     <REPTEXT>Attributklasse</REPTEXT>
     <SCRTEXT_S>AttrKlass</SCRTEXT_S>
     <SCRTEXT_M>Attributklasse</SCRTEXT_M>
     <SCRTEXT_L>Attributklasse für Mapping</SCRTEXT_L>
    </item>
    <item>
     <DDLANGUAGE>F</DDLANGUAGE>
     <DDTEXT>Numéro de classe</DDTEXT>
     <REPTEXT>Classe</REPTEXT>
     <SCRTEXT_S>Classe</SCRTEXT_S>
     <SCRTEXT_M>Classe</SCRTEXT_M>
     <SCRTEXT_L>Classe</SCRTEXT_L>
    </item>
    <item>
     <DDLANGUAGE>H</DDLANGUAGE>
     <DDTEXT>Osztály száma</DDTEXT>
     <REPTEXT>Osztály</REPTEXT>
     <SCRTEXT_S>Osztály</SCRTEXT_S>
     <SCRTEXT_M>Osztály</SCRTEXT_M>
     <SCRTEXT_L>Osztály</SCRTEXT_L>
    </item>
    <item>
     <DDLANGUAGE>I</DDLANGUAGE>
     <DDTEXT>Numero classe</DDTEXT>
     <REPTEXT>Classe</REPTEXT>
     <SCRTEXT_S>Classe</SCRTEXT_S>
     <SCRTEXT_M>Classe</SCRTEXT_M>
     <SCRTEXT_L>Classe</SCRTEXT_L>
    </item>
    <item>
     <DDLANGUAGE>K</DDLANGUAGE>
     <DDTEXT>Klassenummer</DDTEXT>
     <REPTEXT>Klasse</REPTEXT>
     <SCRTEXT_S>Klasse</SCRTEXT_S>
     <SCRTEXT_M>Klasse</SCRTEXT_M>
     <SCRTEXT_L>Klasse</SCRTEXT_L>
    </item>
    <item>
     <DDLANGUAGE>L</DDLANGUAGE>
     <DDTEXT>Numer klasy</DDTEXT>
     <REPTEXT>Klasa</REPTEXT>
     <SCRTEXT_S>Klasa</SCRTEXT_S>
     <SCRTEXT_M>Klasa</SCRTEXT_M>
     <SCRTEXT_L>Klasa</SCRTEXT_L>
    </item>
    <item>
     <DDLANGUAGE>N</DDLANGUAGE>
     <DDTEXT>Klassennummer</DDTEXT>
     <REPTEXT>Klasse</REPTEXT>
     <SCRTEXT_S>Klasse</SCRTEXT_S>
     <SCRTEXT_M>Klasse</SCRTEXT_M>
     <SCRTEXT_L>Klasse</SCRTEXT_L>
    </item>
    <item>
     <DDLANGUAGE>O</DDLANGUAGE>
     <DDTEXT>Klassenummer</DDTEXT>
     <REPTEXT>Klasse</REPTEXT>
     <SCRTEXT_S>Klasse</SCRTEXT_S>
     <SCRTEXT_M>Klasse</SCRTEXT_M>
     <SCRTEXT_L>Klasse</SCRTEXT_L>
    </item>
    <item>
     <DDLANGUAGE>P</DDLANGUAGE>
     <DDTEXT>Nº classe</DDTEXT>
     <REPTEXT>Classe</REPTEXT>
     <SCRTEXT_S>Classe</SCRTEXT_S>
     <SCRTEXT_M>Classe</SCRTEXT_M>
     <SCRTEXT_L>Classe</SCRTEXT_L>
    </item>
    <item>
     <DDLANGUAGE>R</DDLANGUAGE>
     <DDTEXT>Номер класса</DDTEXT>
     <REPTEXT>Класс</REPTEXT>
     <SCRTEXT_S>Класс</SCRTEXT_S>
     <SCRTEXT_M>Класс</SCRTEXT_M>
     <SCRTEXT_L>Класс</SCRTEXT_L>
    </item>
    <item>
     <DDLANGUAGE>S</DDLANGUAGE>
     <DDTEXT>N° de clase</DDTEXT>
     <REPTEXT>Clase</REPTEXT>
     <SCRTEXT_S>Clase</SCRTEXT_S>
     <SCRTEXT_M>Clase</SCRTEXT_M>
     <SCRTEXT_L>Clase</SCRTEXT_L>
    </item>
    <item>
     <DDLANGUAGE>V</DDLANGUAGE>
     <DDTEXT>Klassnummer</DDTEXT>
     <REPTEXT>Klass</REPTEXT>
     <SCRTEXT_S>Klass</SCRTEXT_S>
     <SCRTEXT_M>Klass</SCRTEXT_M>
     <SCRTEXT_L>Klass</SCRTEXT_L>
    </item>
    <item>
     <DDLANGUAGE>d</DDLANGUAGE>
     <DDTEXT>Broj klase</DDTEXT>
     <REPTEXT>Klasa</REPTEXT>
     <SCRTEXT_S>Klasa</SCRTEXT_S>
     <SCRTEXT_M>Klasa</SCRTEXT_M>
     <SCRTEXT_L>Klasa</SCRTEXT_L>
    </item>
   </DD04_TEXTS>
  </asx:values>
 </asx:abap>
</abapGit>
