﻿<?xml version="1.0" encoding="utf-8"?>
<abapGit version="v1.0.0" serializer="LCL_OBJECT_TRAN" serializer_version="v1.0.0">
 <asx:abap xmlns:asx="http://www.sap.com/abapxml" version="1.0">
  <asx:values>
   <TSTC>
    <TCODE>ZT_CS81_002</TCODE>
    <CINFO>Ag==</CINFO>
   </TSTC>
   <TSTCC>
    <TCODE>ZT_CS81_002</TCODE>
    <S_WEBGUI>1</S_WEBGUI>
    <S_WIN32>X</S_WIN32>
    <S_PLATIN>X</S_PLATIN>
   </TSTCC>
   <TSTCT>
    <SPRSL>E</SPRSL>
    <TCODE>ZT_CS81_002</TCODE>
    <TTEXT>Equipment: General Configurations</TTEXT>
   </TSTCT>
   <TSTCP>
    <TCODE>ZT_CS81_002</TCODE>
    <PARAM>/*SM34 VCLDIR-VCLNAME=zvc_cs81_equi_config2;UPDATE=X;</PARAM>
   </TSTCP>
   <I18N_TPOOL>
    <TSTCT>
     <SPRSL>1</SPRSL>
     <TTEXT>设备：常规配置</TTEXT>
    </TSTCT>
    <TSTCT>
     <SPRSL>D</SPRSL>
     <TTEXT>Equipment: Allgemeine Konfiguration</TTEXT>
    </TSTCT>
    <TSTCT>
     <SPRSL>P</SPRSL>
     <TTEXT>Equipamento: configuração geral</TTEXT>
    </TSTCT>
    <TSTCT>
     <SPRSL>R</SPRSL>
     <TTEXT>Ед. оборудования: общая конфигурация</TTEXT>
    </TSTCT>
   </I18N_TPOOL>
  </asx:values>
 </asx:abap>
</abapGit>
