﻿<?xml version="1.0" encoding="utf-8"?>
<abapGit version="v1.0.0" serializer="LCL_OBJECT_VIEW" serializer_version="v1.0.0">
 <asx:abap xmlns:asx="http://www.sap.com/abapxml" version="1.0">
  <asx:values>
   <DD25V>
    <VIEWNAME>ZVI_CS81_001</VIEWNAME>
    <AS4LOCAL>A</AS4LOCAL>
    <DDLANGUAGE>E</DDLANGUAGE>
    <AGGTYPE>V</AGGTYPE>
    <ROOTTAB>ZDB_CS81_001</ROOTTAB>
    <DDTEXT>Maintain AIN global parameters</DDTEXT>
    <VIEWCLASS>C</VIEWCLASS>
    <CUSTOMAUTH>C</CUSTOMAUTH>
    <GLOBALFLAG>X</GLOBALFLAG>
   </DD25V>
   <DD26V_TABLE>
    <DD26V>
     <VIEWNAME>ZVI_CS81_001</VIEWNAME>
     <TABNAME>ZDB_CS81_001</TABNAME>
     <TABPOS>0001</TABPOS>
     <FORTABNAME>ZDB_CS81_001</FORTABNAME>
    </DD26V>
   </DD26V_TABLE>
   <DD27P_TABLE>
    <DD27P>
     <VIEWNAME>ZVI_CS81_001</VIEWNAME>
     <OBJPOS>0001</OBJPOS>
     <DDLANGUAGE>E</DDLANGUAGE>
     <VIEWFIELD>MANDT</VIEWFIELD>
     <TABNAME>ZDB_CS81_001</TABNAME>
     <FIELDNAME>MANDT</FIELDNAME>
     <KEYFLAG>X</KEYFLAG>
     <ROLLNAME>MANDT</ROLLNAME>
     <ROLLNAMEVI>MANDT</ROLLNAMEVI>
    </DD27P>
    <DD27P>
     <VIEWNAME>ZVI_CS81_001</VIEWNAME>
     <OBJPOS>0002</OBJPOS>
     <DDLANGUAGE>E</DDLANGUAGE>
     <VIEWFIELD>MATERIAL_CLASS</VIEWFIELD>
     <TABNAME>ZDB_CS81_001</TABNAME>
     <FIELDNAME>MATERIAL_CLASS</FIELDNAME>
     <ROLLNAME>ZDE_CS81_MATERIAL_CLASS</ROLLNAME>
     <ROLLNAMEVI>ZDE_CS81_MATERIAL_CLASS</ROLLNAMEVI>
    </DD27P>
    <DD27P>
     <VIEWNAME>ZVI_CS81_001</VIEWNAME>
     <OBJPOS>0003</OBJPOS>
     <DDLANGUAGE>E</DDLANGUAGE>
     <VIEWFIELD>CHAR_MODEL</VIEWFIELD>
     <TABNAME>ZDB_CS81_001</TABNAME>
     <FIELDNAME>CHAR_MODEL</FIELDNAME>
     <ROLLNAME>ZDE_CS81_CHAR_MODEL</ROLLNAME>
     <ROLLNAMEVI>ZDE_CS81_CHAR_MODEL</ROLLNAMEVI>
     <LOGFLAG>X</LOGFLAG>
    </DD27P>
    <DD27P>
     <VIEWNAME>ZVI_CS81_001</VIEWNAME>
     <OBJPOS>0004</OBJPOS>
     <DDLANGUAGE>E</DDLANGUAGE>
     <VIEWFIELD>ATTRIB_MAP_CLASS</VIEWFIELD>
     <TABNAME>ZDB_CS81_001</TABNAME>
     <FIELDNAME>ATTRIB_MAP_CLASS</FIELDNAME>
     <ROLLNAME>ZDE_CS81_ATTRIB_CLASS</ROLLNAME>
     <ROLLNAMEVI>ZDE_CS81_ATTRIB_CLASS</ROLLNAMEVI>
    </DD27P>
    <DD27P>
     <VIEWNAME>ZVI_CS81_001</VIEWNAME>
     <OBJPOS>0005</OBJPOS>
     <DDLANGUAGE>E</DDLANGUAGE>
     <VIEWFIELD>ATTRIB_MAP_ATTRIB</VIEWFIELD>
     <TABNAME>ZDB_CS81_001</TABNAME>
     <FIELDNAME>ATTRIB_MAP_ATTRIB</FIELDNAME>
     <ROLLNAME>ZDE_CS81_ATTRIB_MAP_ATTR</ROLLNAME>
     <ROLLNAMEVI>ZDE_CS81_ATTRIB_MAP_ATTR</ROLLNAMEVI>
     <LOGFLAG>X</LOGFLAG>
    </DD27P>
   </DD27P_TABLE>
  </asx:values>
 </asx:abap>
</abapGit>
