﻿<?xml version="1.0" encoding="utf-8"?>
<abapGit version="v1.0.0" serializer="LCL_OBJECT_VIEW" serializer_version="v1.0.0">
 <asx:abap xmlns:asx="http://www.sap.com/abapxml" version="1.0">
  <asx:values>
   <DD25V>
    <VIEWNAME>ZVI_CS81_C01</VIEWNAME>
    <AS4LOCAL>A</AS4LOCAL>
    <DDLANGUAGE>E</DDLANGUAGE>
    <AGGTYPE>V</AGGTYPE>
    <ROOTTAB>AIN_TEMPLATES</ROOTTAB>
    <DDTEXT>Equipment Template View</DDTEXT>
    <VIEWCLASS>C</VIEWCLASS>
    <CUSTOMAUTH>A</CUSTOMAUTH>
    <GLOBALFLAG>X</GLOBALFLAG>
   </DD25V>
   <DD26V_TABLE>
    <DD26V>
     <VIEWNAME>ZVI_CS81_C01</VIEWNAME>
     <TABNAME>AIN_TEMPLATES</TABNAME>
     <TABPOS>0001</TABPOS>
     <FORTABNAME>AIN_TEMPLATES</FORTABNAME>
    </DD26V>
   </DD26V_TABLE>
   <DD27P_TABLE>
    <DD27P>
     <VIEWNAME>ZVI_CS81_C01</VIEWNAME>
     <OBJPOS>0001</OBJPOS>
     <DDLANGUAGE>E</DDLANGUAGE>
     <VIEWFIELD>MANDT</VIEWFIELD>
     <TABNAME>AIN_TEMPLATES</TABNAME>
     <FIELDNAME>MANDT</FIELDNAME>
     <KEYFLAG>X</KEYFLAG>
     <ROLLNAME>MANDT</ROLLNAME>
     <ROLLNAMEVI>MANDT</ROLLNAMEVI>
    </DD27P>
    <DD27P>
     <VIEWNAME>ZVI_CS81_C01</VIEWNAME>
     <OBJPOS>0002</OBJPOS>
     <DDLANGUAGE>E</DDLANGUAGE>
     <VIEWFIELD>TEMPLATE_ID</VIEWFIELD>
     <TABNAME>AIN_TEMPLATES</TABNAME>
     <FIELDNAME>TEMPLATE_ID</FIELDNAME>
     <KEYFLAG>X</KEYFLAG>
     <ROLLNAME>AIN_TEMPLATE_ID</ROLLNAME>
     <ROLLNAMEVI>AIN_TEMPLATE_ID</ROLLNAMEVI>
     <SHLPORIGIN>X</SHLPORIGIN>
    </DD27P>
    <DD27P>
     <VIEWNAME>ZVI_CS81_C01</VIEWNAME>
     <OBJPOS>0003</OBJPOS>
     <DDLANGUAGE>E</DDLANGUAGE>
     <VIEWFIELD>TEMPLATE_NAME</VIEWFIELD>
     <TABNAME>AIN_TEMPLATES</TABNAME>
     <FIELDNAME>TEMPLATE_NAME</FIELDNAME>
     <ROLLNAME>AIN_TEMPLATE_NAME</ROLLNAME>
     <ROLLNAMEVI>AIN_TEMPLATE_NAME</ROLLNAMEVI>
    </DD27P>
    <DD27P>
     <VIEWNAME>ZVI_CS81_C01</VIEWNAME>
     <OBJPOS>0004</OBJPOS>
     <DDLANGUAGE>E</DDLANGUAGE>
     <VIEWFIELD>TEMPLATE_TYPE</VIEWFIELD>
     <TABNAME>AIN_TEMPLATES</TABNAME>
     <FIELDNAME>TEMPLATE_TYPE</FIELDNAME>
     <ROLLNAME>AIN_TEMPLATE_TYPE</ROLLNAME>
     <ROLLNAMEVI>AIN_TEMPLATE_TYPE</ROLLNAMEVI>
     <RDONLY>H</RDONLY>
     <SHLPORIGIN>F</SHLPORIGIN>
     <VALEXI>X</VALEXI>
    </DD27P>
    <DD27P>
     <VIEWNAME>ZVI_CS81_C01</VIEWNAME>
     <OBJPOS>0005</OBJPOS>
     <DDLANGUAGE>E</DDLANGUAGE>
     <VIEWFIELD>TEMPLATE_DESC</VIEWFIELD>
     <TABNAME>AIN_TEMPLATES</TABNAME>
     <FIELDNAME>TEMPLATE_DESC</FIELDNAME>
     <ROLLNAME>AIN_TEMPLATE_DESC</ROLLNAME>
     <ROLLNAMEVI>AIN_TEMPLATE_DESC</ROLLNAMEVI>
    </DD27P>
    <DD27P>
     <VIEWNAME>ZVI_CS81_C01</VIEWNAME>
     <OBJPOS>0006</OBJPOS>
     <DDLANGUAGE>E</DDLANGUAGE>
     <VIEWFIELD>ZZ_CLASS_NAME</VIEWFIELD>
     <TABNAME>AIN_TEMPLATES</TABNAME>
     <FIELDNAME>ZZ_CLASS_NAME</FIELDNAME>
     <ROLLNAME>KLASSE_D</ROLLNAME>
     <ROLLNAMEVI>KLASSE_D</ROLLNAMEVI>
    </DD27P>
   </DD27P_TABLE>
   <DD28V_TABLE>
    <DD28V>
     <CONDNAME>ZVI_CS81_C01</CONDNAME>
     <POSITION>0001</POSITION>
     <TABNAME>AIN_TEMPLATES</TABNAME>
     <FIELDNAME>TEMPLATE_TYPE</FIELDNAME>
     <OPERATOR>EQ</OPERATOR>
     <CONSTANTS>&apos;EQ&apos;</CONSTANTS>
    </DD28V>
   </DD28V_TABLE>
  </asx:values>
 </asx:abap>
</abapGit>
